asset_name,asset_code,asset_type,location,manager,is_active,start_date,end_date,parent
Mitchell-Benitez Server 274,CODE-00001,Server,Remote (Home),Caitlin Stevenson,True,2023-07-24,,
Tyler and Sons Printer 653,CODE-00002,Printer,Storage Room,April Armstrong,True,2021-10-14,,
Maldonado-Wiley Laptop 720,CODE-00003,Laptop,London Office,Jacqueline Johnson,True,2022-08-21,,
Reid Group Desktop 812,CODE-00004,Desktop,Storage Room,Robert Hunter,True,2023-05-08,,
Roberts-Martinez Laptop 475,CODE-00005,Laptop,Data Center 1,Matthew Lloyd,True,2025-09-10,,
Hill LLC Monitor 878,CODE-00006,Monitor,Building A,Erica Harding,False,2021-02-01,2025-09-25,
Graham and Sons Laptop 154,CODE-00007,Laptop,Building B,Michael Castro,True,2024-10-07,,
"Wells, Walker and Clark Monitor 476",CODE-00008,Monitor,Remote (Home),Karen Chung,True,2024-03-29,,
Hutchinson and Sons Laptop 182,CODE-00009,Laptop,New York Office,Sarah Richardson,True,2021-05-25,,
Olsen Group Projector 634,CODE-00010,Projector,Building B,Scott Carr,True,2023-09-20,,
"Wood, Garcia and Rivera Monitor 481",CODE-00011,Monitor,New York Office,Thomas Parrish,True,2022-05-26,,
"Spencer, Duke and Carr Router 242",CODE-00012,Router,Building B,Christopher Nguyen,True,2021-04-16,,
"Williams, Nielsen and Rodriguez Desktop 799",CODE-00013,Desktop,Building A,Jaime Bernard,True,2022-11-09,,
"Adams, Hamilton and Wilson Router 250",CODE-00014,Router,Storage Room,Amanda Santiago,True,2021-04-23,,
"James, Christian and Carr Printer 517",CODE-00015,Printer,London Office,Michael Harris,True,2021-04-12,,
"Williams, Castro and Peterson Server 750",CODE-00016,Server,Remote (Home),Cassandra Beasley,True,2021-10-10,,
Griffin Group Projector 265,CODE-00017,Projector,Building B,Matthew Burke,True,2023-08-28,,
Li-Nicholson Router 919,CODE-00018,Router,New York Office,Jacob Smith,True,2023-01-05,,
"Phillips, Williams and Francis Software License 405",CODE-00019,Software License,New York Office,Matthew Cervantes,True,2023-03-13,,
Harvey-Bernard Monitor 350,CODE-00020,Monitor,Data Center 1,Ann Goodman,True,2025-11-03,,
"Lam, Smith and Shannon Software License 243",CODE-00021,Software License,Building B,Krystal Wilcox,True,2025-05-30,,
Sullivan-Smith Router 226,CODE-00022,Router,London Office,Jason Ryan,True,2025-02-21,,
"Smith, Snyder and Hansen Laptop 201",CODE-00023,Laptop,London Office,Steven Wilson,True,2022-03-04,,
Daniels LLC Projector 598,CODE-00024,Projector,Storage Room,Robert Moody,True,2021-05-01,,
Francis-Larson Server 753,CODE-00025,Server,Data Center 1,Bonnie Schultz,True,2024-07-21,,
Joyce-Mora Printer 343,CODE-00026,Printer,Remote (Home),Rachel Diaz,True,2024-04-21,,
Williams Group Server 546,CODE-00027,Server,Building B,Melissa Johnson,True,2022-04-02,,
"Hatfield, Walsh and Rhodes Router 724",CODE-00028,Router,London Office,Lee Smith,True,2021-01-03,,
Hernandez Ltd Router 552,CODE-00029,Router,Building B,James Cordova,True,2021-04-11,,
Johnson-Day Phone 737,CODE-00030,Phone,London Office,Lauren Gardner,True,2021-08-11,,
"Alexander, Blankenship and Holder Laptop 847",CODE-00031,Laptop,London Office,Jacob Hess PhD,True,2025-09-06,,
"Kelly, Barker and Nichols Desktop 645",CODE-00032,Desktop,Remote (Home),Jack Rodriguez,True,2023-10-20,,
Allen and Sons Printer 277,CODE-00033,Printer,London Office,Theresa Randall,True,2025-09-04,,
Jordan-Hall Monitor 675,CODE-00034,Monitor,Building A,Jackson Thomas,True,2021-12-25,,
Hogan Group Monitor 315,CODE-00035,Monitor,Data Center 1,Javier Martinez,True,2022-01-02,,
"Perez, Wallace and Turner Software License 105",CODE-00036,Software License,New York Office,Kimberly Mcconnell,True,2023-09-13,,
"Abbott, Morales and Smith Server 445",CODE-00037,Server,London Office,Brittney Webster,True,2021-04-03,,
Oconnor-Price Laptop 170,CODE-00038,Laptop,Building A,Anthony Wells,True,2021-07-09,,
"Collins, Carr and Gonzales Projector 774",CODE-00039,Projector,New York Office,James Johnson,True,2022-02-06,,
"Alexander, Taylor and Espinoza Phone 540",CODE-00040,Phone,London Office,Brooke Palmer,True,2021-07-03,,
"Herrera, Ryan and Johnson Printer 150",CODE-00041,Printer,Building B,Heather Johnson,True,2021-02-08,,
Adams-Anderson Server 555,CODE-00042,Server,New York Office,Jared Roberts,True,2021-05-23,,
Perez-Willis Projector 648,CODE-00043,Projector,Data Center 1,Brian Martinez,True,2023-04-26,,
Wilson-Smith Server 671,CODE-00044,Server,London Office,Julie Mata,True,2024-12-11,,
Floyd-Gonzalez Server 461,CODE-00045,Server,Data Center 1,Carol Clark,True,2021-04-07,,
Martin-Dixon Projector 386,CODE-00046,Projector,London Office,Allen Anderson,True,2021-04-02,,
"Ho, Carter and May Laptop 688",CODE-00047,Laptop,Building B,Justin Foster,True,2021-01-08,,
"Smith, Adams and Johnson Software License 912",CODE-00048,Software License,Building B,Paige Ryan,True,2024-07-22,,
"Johnson, Garcia and Bowman Desktop 610",CODE-00049,Desktop,Remote (Home),Stacey Flores DDS,False,2021-07-31,2024-06-12,
Garner Ltd Server 299,CODE-00050,Server,London Office,Cynthia Morse,True,2025-03-07,,
Adams Ltd Desktop 114,CODE-00051,Desktop,London Office,Kayla Hudson,True,2025-10-06,,
"Gibson, Baldwin and Patel Software License 889",CODE-00052,Software License,Data Center 1,Jennifer Shepherd,True,2024-08-31,,
Newman PLC Printer 190,CODE-00053,Printer,Remote (Home),Paul Hicks,True,2025-09-15,,
Giles Inc Printer 466,CODE-00054,Printer,London Office,Mark Henderson,True,2024-06-05,,
"Mcguire, Perkins and Espinoza Server 204",CODE-00055,Server,Building A,Brian Willis,False,2024-12-27,2025-09-19,
Wilson-Fields Monitor 532,CODE-00056,Monitor,London Office,Steven Porter,True,2021-02-24,,
"Robbins, Casey and Jenkins Monitor 454",CODE-00057,Monitor,Remote (Home),David Whitney,True,2023-06-02,,
"Fuentes, Schultz and Williams Projector 701",CODE-00058,Projector,London Office,Jared Dodson,True,2020-11-28,,
"Griffin, Hernandez and Smith Projector 911",CODE-00059,Projector,London Office,William Ford,True,2025-09-24,,
Brown-Smith Laptop 980,CODE-00060,Laptop,Storage Room,Heather Nguyen,True,2025-05-07,,
"Khan, Ortiz and Carey Monitor 398",CODE-00061,Monitor,Storage Room,Megan Molina,True,2025-09-07,,
Williams PLC Projector 444,CODE-00062,Projector,Remote (Home),John Hammond,True,2021-01-27,,
Ponce LLC Desktop 244,CODE-00063,Desktop,Remote (Home),David Howard,True,2024-09-17,,
Griffin Ltd Monitor 325,CODE-00064,Monitor,Building A,Jeffrey Novak,True,2025-07-08,,
Scott-Barber Phone 882,CODE-00065,Phone,Data Center 1,Samantha Wheeler,True,2024-10-30,,
"Miller, Smith and Anderson Monitor 133",CODE-00066,Monitor,New York Office,Christopher Jenkins,True,2024-12-10,,
Torres and Sons Phone 936,CODE-00067,Phone,Data Center 1,Michael Brown,True,2025-05-31,,
Jackson-Stevens Monitor 908,CODE-00068,Monitor,Remote (Home),Christopher Weber,True,2023-09-21,,
"Mendoza, Tran and Mcmillan Server 927",CODE-00069,Server,Building A,Edward Harris,True,2025-09-21,,
"Gray, Wood and Smith Printer 280",CODE-00070,Printer,Remote (Home),Daniel Manning,True,2025-09-18,,
Owens Group Monitor 530,CODE-00071,Monitor,Building B,Joshua Clark,True,2025-08-07,,
Evans-Taylor Projector 587,CODE-00072,Projector,Remote (Home),Chelsea Thomas,True,2022-01-14,,
Morgan-Rice Projector 365,CODE-00073,Projector,Building B,James Sanders,True,2022-11-12,,
Ross-Lewis Projector 237,CODE-00074,Projector,New York Office,Kevin Ramos PhD,True,2021-05-22,,
Berger PLC Desktop 770,CODE-00075,Desktop,Remote (Home),Timothy Cain,True,2021-08-19,,
Hill-Hernandez Laptop 785,CODE-00076,Laptop,Building A,Marcus Sanders,True,2022-06-27,,
Smith-Jordan Printer 881,CODE-00077,Printer,Remote (Home),Kimberly Edwards,True,2021-01-11,,
Thomas-Carpenter Projector 786,CODE-00078,Projector,Remote (Home),Anne Jones,True,2025-08-26,,
"Ortiz, Smith and Flores Router 622",CODE-00079,Router,London Office,Alexis Harper,True,2021-06-25,,
Barnett Inc Projector 638,CODE-00080,Projector,Data Center 1,Sherri Harvey,True,2024-11-10,,
Robles-Knight Monitor 811,CODE-00081,Monitor,Storage Room,Barbara Adams,True,2021-04-12,,
"Farrell, Diaz and Phillips Desktop 474",CODE-00082,Desktop,Storage Room,Devon Hudson,True,2024-04-03,,
Davis-Scott Printer 384,CODE-00083,Printer,Data Center 1,Deborah Smith,True,2022-12-28,,
"Powell, Lucas and Villa Laptop 165",CODE-00084,Laptop,London Office,Jenna Ortega,True,2022-07-28,,
Parks Ltd Phone 183,CODE-00085,Phone,Building B,Sean Evans,True,2022-01-28,,
Franco Group Phone 105,CODE-00086,Phone,Data Center 1,Cynthia Brooks,True,2023-09-01,,
Phillips-Walton Router 769,CODE-00087,Router,Remote (Home),Mrs. Kimberly Griffin,False,2023-08-06,2025-04-08,
Mitchell LLC Laptop 822,CODE-00088,Laptop,Remote (Home),Rachel Cohen,True,2022-09-27,,
"Brown, Barnes and Davis Projector 692",CODE-00089,Projector,Data Center 1,Sherry Blackburn,True,2023-11-08,,
"Black, Dougherty and Hernandez Server 236",CODE-00090,Server,Building B,Aaron Parrish,True,2025-08-16,,
Smith Inc Monitor 313,CODE-00091,Monitor,Data Center 1,Robert Garcia,True,2024-08-23,,
Davis Group Projector 674,CODE-00092,Projector,Remote (Home),Cynthia Ryan,True,2024-05-24,,
Rodriguez Ltd Phone 560,CODE-00093,Phone,Building A,Rebecca Ellis,True,2023-05-13,,
"Young, Young and Delgado Software License 880",CODE-00094,Software License,Storage Room,Emily Pineda,True,2021-03-25,,
Ali and Sons Server 108,CODE-00095,Server,Data Center 1,John Anderson,True,2020-12-31,,
"Ochoa, Hunter and Gould Phone 666",CODE-00096,Phone,London Office,Philip Martinez,True,2021-05-06,,
Daniel-Miller Software License 385,CODE-00097,Software License,Data Center 1,Dana Nguyen,True,2024-06-07,,
"Burch, Cline and Williams Printer 683",CODE-00098,Printer,Remote (Home),Daniel Shields,True,2022-06-17,,
"Snyder, Mendez and Peterson Software License 746",CODE-00099,Software License,London Office,Sharon Hutchinson,True,2021-08-20,,
"Hunt, Berger and Schneider Monitor 537",CODE-00100,Monitor,Storage Room,David Green,True,2022-05-12,,
"Estrada, Davidson and Bell Router 247",CODE-00101,Router,Building A,Nichole Lee,True,2023-05-11,,
Smith Inc Laptop 487,CODE-00102,Laptop,Storage Room,Karen Church,True,2024-05-26,,
"Mcmillan, Patrick and Holmes Laptop 794",CODE-00103,Laptop,Building A,Eric Green,True,2023-03-22,,
Jones Group Router 309,CODE-00104,Router,Storage Room,Mr. Joel Castro,True,2023-10-18,,
Williams-Moreno Projector 485,CODE-00105,Projector,Building B,Kyle Harvey,True,2024-05-11,,
Roberts-Grant Printer 359,CODE-00106,Printer,Remote (Home),Sharon Larsen,False,2023-06-09,2025-09-06,
Oliver-Hall Phone 575,CODE-00107,Phone,Remote (Home),Randall Lucero DDS,True,2023-09-17,,
Mckinney-Hill Server 598,CODE-00108,Server,Data Center 1,Jennifer Clark,True,2022-07-16,,
Owens PLC Printer 434,CODE-00109,Printer,Building A,Ashley Whitaker,False,2025-03-03,2025-05-22,
Long Group Laptop 898,CODE-00110,Laptop,Remote (Home),Karen Paul,True,2020-11-15,,
Fritz Inc Laptop 190,CODE-00111,Laptop,Remote (Home),Kenneth Sanchez,True,2025-07-30,,
"Rivera, Jefferson and Curtis Software License 875",CODE-00112,Software License,New York Office,Jamie Cook,True,2020-11-07,,
Marshall PLC Desktop 827,CODE-00113,Desktop,New York Office,Danny Howard,True,2022-05-03,,
"Fowler, Gomez and Grant Server 138",CODE-00114,Server,London Office,Jamie Baker,True,2024-03-11,,
Brown-Hopkins Projector 785,CODE-00115,Projector,Building B,Jordan Navarro,True,2022-04-24,,
Dodson-Griffin Phone 681,CODE-00116,Phone,Building A,Christina Aguilar,True,2025-08-21,,
Woods Inc Laptop 521,CODE-00117,Laptop,Building B,Jordan Bell,True,2025-07-03,,
Rush-Sharp Server 734,CODE-00118,Server,Remote (Home),Nicholas Kirk,True,2023-04-15,,
Pugh-Owens Laptop 826,CODE-00119,Laptop,Building B,Elizabeth Stephens,True,2024-04-13,,
"Ferrell, Rose and Bowman Server 271",CODE-00120,Server,London Office,Debra Ellis,True,2024-01-15,,
"Brown, Thomas and Oneal Desktop 287",CODE-00121,Desktop,London Office,Dominique Pittman,True,2024-02-23,,
Rivera LLC Phone 629,CODE-00122,Phone,New York Office,Thomas Leonard,True,2024-12-28,,
"Romero, Patton and Nunez Phone 476",CODE-00123,Phone,Storage Room,Timothy Murphy,True,2021-08-30,,
"Lopez, Campbell and Robinson Printer 281",CODE-00124,Printer,Storage Room,Christine Simpson,True,2023-07-17,,
Brooks-Hill Monitor 495,CODE-00125,Monitor,London Office,Christine Perez,False,2022-11-11,2024-12-24,
"Bruce, Mcbride and Dickson Laptop 796",CODE-00126,Laptop,Data Center 1,Christopher Roberts,True,2022-06-30,,
"Carter, Holland and Stevens Desktop 588",CODE-00127,Desktop,New York Office,Kendra Williams,True,2024-08-23,,
Wolfe and Sons Laptop 896,CODE-00128,Laptop,Remote (Home),Tammy Adams,True,2025-03-31,,
Carroll-Mcmillan Phone 988,CODE-00129,Phone,Data Center 1,Brandon Nguyen,True,2021-12-14,,
"Johnson, Taylor and Collins Laptop 362",CODE-00130,Laptop,Storage Room,Kristen Bender,True,2021-01-20,,
"Perez, Carr and Anderson Router 336",CODE-00131,Router,Building B,Krista Lynch,True,2023-04-20,,
Kennedy and Sons Server 605,CODE-00132,Server,Remote (Home),Jim Stephenson,True,2023-05-06,,
Baker-Sanders Desktop 555,CODE-00133,Desktop,Storage Room,Tammy Rogers,True,2025-04-09,,
"Fisher, Davis and West Phone 130",CODE-00134,Phone,Building A,Aaron Carter,True,2021-06-25,,
Crawford Inc Phone 467,CODE-00135,Phone,Remote (Home),Kevin Hernandez,False,2023-07-29,2024-05-14,
Robbins and Sons Router 803,CODE-00136,Router,Building B,Dwayne Robinson,True,2025-09-26,,
"Higgins, Jackson and Green Phone 905",CODE-00137,Phone,New York Office,Sarah Ayers,True,2022-03-03,,
Campbell-Brown Software License 911,CODE-00138,Software License,London Office,Audrey Hall,True,2024-04-05,,
Brown-Barron Monitor 860,CODE-00139,Monitor,Storage Room,Christopher Houston,True,2022-03-01,,
Soto-Jordan Projector 535,CODE-00140,Projector,Storage Room,Thomas Smith,True,2021-02-27,,
Peterson-Rodriguez Projector 986,CODE-00141,Projector,Data Center 1,Nicole Berger,True,2023-11-28,,
Little-Carpenter Router 172,CODE-00142,Router,Remote (Home),Ashley Vasquez,True,2024-04-08,,
Sherman-Bailey Printer 884,CODE-00143,Printer,London Office,Shawn Hebert,True,2023-03-14,,
Odonnell LLC Router 766,CODE-00144,Router,London Office,Holly Green,True,2021-06-22,,
Hartman-Cole Laptop 853,CODE-00145,Laptop,Storage Room,Maria Porter,True,2023-02-21,,
Bryant LLC Monitor 218,CODE-00146,Monitor,Building A,Sheryl Peters,True,2022-09-20,,
Gates-Smith Router 100,CODE-00147,Router,London Office,Michael Coleman,False,2021-12-03,2025-05-10,
"Rice, Lewis and Kemp Desktop 838",CODE-00148,Desktop,Remote (Home),Nathan Hunter,False,2020-12-11,2025-07-16,
"Sellers, Gallegos and Riley Monitor 559",CODE-00149,Monitor,London Office,Duane Barton,False,2025-01-11,2025-08-15,
"Carrillo, Freeman and Phelps Projector 160",CODE-00150,Projector,New York Office,Alexis Porter,False,2021-04-14,2025-01-12,
"Lawrence, Ford and Weaver Laptop 889",CODE-00151,Laptop,Building A,Paula Brown,True,2020-12-09,,
Williams-Hughes Server 165,CODE-00152,Server,Building B,Dana Valenzuela,True,2025-10-24,,
"Murphy, Johnson and Romero Server 996",CODE-00153,Server,Data Center 1,John Mayo,True,2021-12-24,,
"Preston, Carter and Williamson Router 571",CODE-00154,Router,Data Center 1,Jennifer Mendoza,True,2021-09-09,,
"Morgan, Williams and Jones Software License 334",CODE-00155,Software License,Data Center 1,Mark Price,True,2025-03-01,,
"Curtis, Williams and French Desktop 148",CODE-00156,Desktop,London Office,Adam Reeves,True,2024-11-12,,
"Clayton, Romero and Glover Server 445",CODE-00157,Server,Building B,Angelica Cuevas,True,2024-11-09,,
"Martin, Jackson and Manning Router 619",CODE-00158,Router,London Office,David Potts,True,2024-07-09,,
Rodriguez PLC Router 717,CODE-00159,Router,Storage Room,Michael Wright,True,2022-08-04,,
Guerra PLC Software License 191,CODE-00160,Software License,New York Office,Ronald Davis,True,2025-09-03,,
Fisher-King Desktop 617,CODE-00161,Desktop,Building B,Paul Page,False,2023-04-09,2023-05-17,
"Morris, Hurley and Hines Server 786",CODE-00162,Server,Building A,Sarah Clark,True,2025-07-07,,
Johnson LLC Phone 398,CODE-00163,Phone,Storage Room,Jennifer Brock,True,2023-01-26,,
"Ford, Parks and Oliver Laptop 590",CODE-00164,Laptop,Storage Room,Melanie Thomas,False,2025-08-01,2025-08-04,
"Kim, Hartman and Parker Laptop 835",CODE-00165,Laptop,Data Center 1,Tiffany Bailey,True,2021-11-22,,
Ramirez-Roy Monitor 954,CODE-00166,Monitor,New York Office,Garrett Craig,True,2023-03-23,,
"Guzman, Fletcher and Cox Server 391",CODE-00167,Server,Remote (Home),John Hernandez,True,2020-12-05,,
"Lyons, Newman and Weiss Monitor 115",CODE-00168,Monitor,Building A,Morgan Smith,True,2025-01-24,,
"Patterson, Davis and Guerrero Desktop 563",CODE-00169,Desktop,New York Office,Paul Gonzalez,True,2025-09-16,,
Bullock-Thomas Phone 924,CODE-00170,Phone,Data Center 1,Jordan Williams,True,2023-04-03,,
Weaver-Garcia Software License 412,CODE-00171,Software License,London Office,Joyce Montgomery,True,2021-12-25,,
"Clark, Burns and Dean Router 717",CODE-00172,Router,Remote (Home),Kathy Mccarty,True,2023-01-17,,
Murphy Ltd Laptop 480,CODE-00173,Laptop,Data Center 1,Sarah Olson,True,2025-07-20,,
Williams-Rogers Phone 918,CODE-00174,Phone,Data Center 1,Peter Nicholson,True,2022-05-16,,
"Calderon, West and Patrick Laptop 955",CODE-00175,Laptop,Data Center 1,Donna Larson,True,2025-02-06,,
Thomas PLC Phone 439,CODE-00176,Phone,London Office,Christine Clark,True,2022-11-19,,
"Fields, Stephens and Lewis Desktop 467",CODE-00177,Desktop,Storage Room,Christopher Briggs,True,2021-08-22,,
Graham-Wilcox Phone 768,CODE-00178,Phone,New York Office,Nicole Johnson,True,2023-07-31,,
Burton Group Router 454,CODE-00179,Router,Building A,Cassandra Robinson,True,2021-12-26,,
Martinez-Murray Software License 655,CODE-00180,Software License,Remote (Home),Cindy Aguirre,True,2024-06-14,,
Clay-Franklin Printer 796,CODE-00181,Printer,Storage Room,Gary Meyer,True,2023-05-22,,
Moon-Jimenez Desktop 861,CODE-00182,Desktop,Data Center 1,Alicia Vincent,True,2023-07-18,,
Rivera-Harris Printer 825,CODE-00183,Printer,Building B,Douglas Miller,True,2025-07-27,,
"Vaughan, Bonilla and Ball Desktop 783",CODE-00184,Desktop,Building B,Taylor Adams,True,2024-03-31,,
Ortega Group Router 965,CODE-00185,Router,Building B,Andrew Ford,True,2025-01-24,,
"Rocha, Stewart and Collier Printer 407",CODE-00186,Printer,London Office,Michael Carpenter,True,2021-05-28,,
Miller-Kelly Printer 283,CODE-00187,Printer,Remote (Home),Michael Brown,True,2021-08-17,,
"Bautista, Watson and Curtis Projector 998",CODE-00188,Projector,Storage Room,Karen Estes,True,2025-05-07,,
Tate PLC Desktop 805,CODE-00189,Desktop,Remote (Home),Billy Cox,True,2021-07-31,,
"Burton, Allen and Morales Printer 124",CODE-00190,Printer,Building B,David Bolton,True,2023-02-16,,
Chavez-Maddox Router 567,CODE-00191,Router,Data Center 1,James Mendoza,True,2023-05-20,,
"Hunt, Wood and Harris Router 261",CODE-00192,Router,Remote (Home),Mrs. Cynthia Lynch,True,2024-04-10,,
Vincent-Lowery Desktop 486,CODE-00193,Desktop,Building B,Audrey Freeman,True,2021-04-29,,
White Inc Projector 354,CODE-00194,Projector,Remote (Home),Brad Hawkins,True,2022-10-20,,
Jackson-Harris Projector 893,CODE-00195,Projector,New York Office,Jodi Reeves,True,2022-08-29,,
Garcia-Green Server 874,CODE-00196,Server,New York Office,Derrick Stevenson,True,2022-06-04,,
Miranda-Jefferson Laptop 872,CODE-00197,Laptop,New York Office,Julie Gonzalez,True,2021-10-15,,
"Farrell, Parker and Mitchell Software License 613",CODE-00198,Software License,Data Center 1,Rachel Nolan,True,2021-01-25,,
"Andrews, Young and Davis Projector 159",CODE-00199,Projector,London Office,Diana Williams,True,2022-12-05,,
Flores-Ruiz Software License 711,CODE-00200,Software License,London Office,Mark Romero,True,2023-08-16,,
Barton-Torres Router 478,CODE-00201,Router,Storage Room,Robert Dickerson,True,2021-11-18,,
Robinson PLC Projector 406,CODE-00202,Projector,Storage Room,Erica Campos,True,2021-08-09,,
"Peterson, Shields and Spencer Monitor 952",CODE-00203,Monitor,Data Center 1,Susan Dunn,True,2025-04-28,,
"Dawson, Flynn and Delgado Printer 812",CODE-00204,Printer,Data Center 1,Heather Blankenship,True,2024-12-14,,
Downs-Lee Projector 160,CODE-00205,Projector,New York Office,Kimberly Klein,True,2021-08-08,,
Little LLC Monitor 315,CODE-00206,Monitor,New York Office,Kathryn Morris,True,2025-08-15,,
"Gray, Williams and Cohen Router 668",CODE-00207,Router,Data Center 1,Troy Ross,True,2025-07-11,,
"Delacruz, Le and Wright Server 369",CODE-00208,Server,Building A,Gregory Wise,True,2023-02-11,,
Arnold-Fleming Desktop 678,CODE-00209,Desktop,Storage Room,Gregory Gilmore,True,2022-10-06,,
Murphy-Flynn Monitor 439,CODE-00210,Monitor,London Office,Jessica Martinez,True,2021-06-17,,
Chapman-Good Laptop 589,CODE-00211,Laptop,Storage Room,Rhonda Shepherd,True,2024-11-29,,
Williams-Sanders Projector 115,CODE-00212,Projector,New York Office,Kimberly Jones,True,2021-05-10,,
Bennett-Kelly Router 788,CODE-00213,Router,Building A,Mary Hall,True,2021-03-04,,
Butler-Williams Phone 551,CODE-00214,Phone,Data Center 1,Timothy Burton,True,2024-12-09,,
Williams LLC Printer 215,CODE-00215,Printer,Storage Room,Robert Swanson,True,2024-11-24,,
Atkinson-Rodriguez Desktop 933,CODE-00216,Desktop,London Office,Cynthia Moore,True,2023-04-14,,
Henry-Richards Laptop 147,CODE-00217,Laptop,New York Office,John Mitchell,True,2022-01-05,,
"Williams, Benson and Becker Router 349",CODE-00218,Router,New York Office,Omar Jones,True,2021-10-02,,
"Wolfe, Russell and Nguyen Server 697",CODE-00219,Server,Data Center 1,Patricia Ford,True,2022-08-10,,
"Rogers, Hernandez and Bartlett Printer 967",CODE-00220,Printer,London Office,Gregory Fernandez,True,2025-06-09,,
"Davis, Morrison and Brown Phone 351",CODE-00221,Phone,Building A,Jose Rodriguez,True,2022-03-04,,
White Inc Desktop 557,CODE-00222,Desktop,Building B,Ashley Wolf,True,2025-03-23,,
"Wiley, Boyer and Anderson Monitor 384",CODE-00223,Monitor,Building A,Bryan Rios,True,2025-09-22,,
"Thompson, Thompson and Valencia Monitor 539",CODE-00224,Monitor,Remote (Home),Gregory Ramirez,True,2021-01-12,,
Wilkinson PLC Monitor 761,CODE-00225,Monitor,New York Office,Matthew Vazquez,True,2023-12-28,,
"Jones, Dean and Mathews Router 307",CODE-00226,Router,Building B,Daniel Hampton,True,2022-03-11,,
"Coleman, Simpson and Campbell Laptop 443",CODE-00227,Laptop,Building A,Joseph Crawford,True,2021-12-16,,
Williams-Torres Laptop 372,CODE-00228,Laptop,New York Office,Jessica Hebert,True,2023-07-22,,
Mcdowell PLC Software License 827,CODE-00229,Software License,Remote (Home),Dan Huff,True,2024-05-01,,
"Banks, Dunn and Bradley Software License 588",CODE-00230,Software License,New York Office,Laura Aguilar,True,2023-01-29,,
"Smith, Medina and Osborne Software License 306",CODE-00231,Software License,London Office,Jeremy Hebert DDS,False,2025-10-09,2025-10-27,
Watkins-Bolton Desktop 570,CODE-00232,Desktop,Remote (Home),Jose Gallagher,True,2023-12-10,,
Williams-Day Desktop 213,CODE-00233,Desktop,Building B,Ryan Ford,True,2023-12-15,,
Gardner PLC Server 427,CODE-00234,Server,Remote (Home),Alexander Duran,True,2023-03-28,,
Clark LLC Printer 721,CODE-00235,Printer,Storage Room,Mario Mcpherson,True,2022-08-15,,
"Kelley, Baker and Martin Desktop 374",CODE-00236,Desktop,London Office,Ruth Velazquez,True,2023-07-29,,
Brown and Sons Printer 469,CODE-00237,Printer,Building B,Justin Stone,True,2025-03-01,,
"Wilkins, Stafford and Merritt Phone 560",CODE-00238,Phone,New York Office,Alexander Thomas,False,2021-02-12,2025-01-13,
"Chavez, Wiggins and Savage Monitor 511",CODE-00239,Monitor,Building A,Frank Patterson,True,2021-04-12,,
Khan-Richardson Projector 872,CODE-00240,Projector,Building A,Kimberly Ellis,True,2022-04-23,,
"Moss, Elliott and Brown Server 610",CODE-00241,Server,Storage Room,Daryl Contreras,True,2021-04-10,,
"Myers, Howard and Galvan Laptop 477",CODE-00242,Laptop,Building B,Jill Sims,True,2025-10-25,,
Green Ltd Printer 129,CODE-00243,Printer,New York Office,Rachel Dorsey,True,2024-01-18,,
Nichols Inc Desktop 240,CODE-00244,Desktop,New York Office,Joshua Smith,True,2025-03-11,,
"Noble, Henderson and Marshall Software License 141",CODE-00245,Software License,Data Center 1,Tommy Herman,True,2023-07-11,,
Henry LLC Router 553,CODE-00246,Router,Storage Room,Vanessa Richards,False,2023-09-07,2024-06-16,
White-Stewart Desktop 685,CODE-00247,Desktop,Storage Room,Mary Doyle,True,2022-01-22,,
Johnson-Bennett Printer 944,CODE-00248,Printer,Building B,Kimberly Lopez,True,2022-03-16,,
Casey Group Printer 798,CODE-00249,Printer,London Office,Daniel Roberts,True,2025-05-27,,
Rogers-Mcdonald Laptop 739,CODE-00250,Laptop,Data Center 1,Mr. Jason Mullins,True,2021-11-16,,
"Lewis, Suarez and Brown Laptop 291",CODE-00251,Laptop,Building B,Margaret Kaufman,True,2022-01-21,,
"Lucas, Moreno and Townsend Monitor 498",CODE-00252,Monitor,New York Office,Nicole Howard DDS,True,2024-04-06,,
Stevenson Ltd Printer 771,CODE-00253,Printer,Data Center 1,Sarah Golden,True,2022-05-22,,
Smith Ltd Desktop 578,CODE-00254,Desktop,Remote (Home),Beth Li,True,2023-11-26,,
Fox-Brown Monitor 561,CODE-00255,Monitor,Building B,Thomas Martin DDS,True,2024-09-15,,
Martin Group Monitor 761,CODE-00256,Monitor,Storage Room,Daniel Liu,True,2024-10-28,,
Hensley-Hall Server 591,CODE-00257,Server,New York Office,Mark Wilson,True,2023-11-22,,
Johnston-Crawford Software License 810,CODE-00258,Software License,Data Center 1,Susan King,False,2022-08-11,2023-07-25,
"Waller, Williams and Williams Desktop 996",CODE-00259,Desktop,London Office,Joseph Thomas,True,2021-04-29,,
Clarke-Stanley Monitor 739,CODE-00260,Monitor,Data Center 1,Angela Myers,True,2024-08-04,,
"Jimenez, Barr and Mays Desktop 186",CODE-00261,Desktop,New York Office,Kimberly Arnold,False,2022-01-12,2024-03-13,
"Meyer, Bailey and Walls Projector 965",CODE-00262,Projector,London Office,Melissa Anderson,True,2021-06-04,,
Daniels Ltd Server 215,CODE-00263,Server,Building A,Mr. Mark Hughes,True,2023-01-18,,
"Mcneil, Stuart and Franklin Monitor 480",CODE-00264,Monitor,Data Center 1,Randy Reynolds,True,2025-02-18,,
Reeves-Jackson Software License 201,CODE-00265,Software License,Building A,Virginia Rodriguez,True,2021-04-03,,
Camacho-Marshall Router 802,CODE-00266,Router,Storage Room,Mike Burch,False,2023-11-30,2024-12-26,
Rivera Inc Router 243,CODE-00267,Router,Building A,Richard Stevens,True,2022-04-12,,
"Ware, Rodriguez and Chung Projector 665",CODE-00268,Projector,New York Office,Tyler Cook,True,2022-03-18,,
Jones PLC Software License 458,CODE-00269,Software License,Data Center 1,Julie Vazquez,True,2023-11-26,,
"Cummings, Ramos and Graham Laptop 372",CODE-00270,Laptop,Remote (Home),Charles Edwards,True,2023-03-31,,
Brooks-Mcdonald Projector 854,CODE-00271,Projector,London Office,Karl Owens,True,2025-10-09,,
Lynn Inc Desktop 168,CODE-00272,Desktop,Building B,Terry Williams,True,2025-10-24,,
Smith-Walter Router 584,CODE-00273,Router,London Office,Stephen Murphy,True,2024-08-05,,
Drake-Garcia Desktop 801,CODE-00274,Desktop,Building A,Joseph Bennett,True,2025-06-25,,
"Pierce, Thomas and Underwood Printer 371",CODE-00275,Printer,Data Center 1,Angela Edwards,False,2021-02-12,2025-02-06,
"Barker, Walker and Knight Projector 735",CODE-00276,Projector,Storage Room,Marc Clark,True,2025-07-31,,
Mata-Williamson Server 890,CODE-00277,Server,Storage Room,Jeremiah Martin,True,2023-07-06,,
Johnson PLC Router 945,CODE-00278,Router,Storage Room,Gregory Flynn,True,2025-02-21,,
"Walsh, Roberts and Logan Printer 551",CODE-00279,Printer,London Office,Michael Smith,True,2022-10-18,,
Walker-Romero Phone 180,CODE-00280,Phone,London Office,Alexander Rivera,True,2022-11-24,,
"Robinson, Lopez and Lopez Router 128",CODE-00281,Router,Building A,Erika Gonzalez,True,2021-11-04,,
Hernandez and Sons Server 211,CODE-00282,Server,New York Office,Scott Miranda,True,2023-08-17,,
"Juarez, Riley and Edwards Phone 942",CODE-00283,Phone,Building B,Brittany Lloyd,True,2023-10-06,,
"Page, Anderson and Allen Projector 695",CODE-00284,Projector,Building A,Elizabeth Booth,True,2024-03-19,,
"Dean, Sullivan and Humphrey Software License 637",CODE-00285,Software License,Data Center 1,Christina Baker,False,2021-02-07,2024-09-08,
Foster-Lee Desktop 604,CODE-00286,Desktop,New York Office,Raymond Wilson,True,2020-11-30,,
Young Ltd Phone 279,CODE-00287,Phone,Building A,Adrian Vaughn,True,2025-01-07,,
"Sloan, Hudson and Wilson Monitor 677",CODE-00288,Monitor,Building B,Rachel Morales,True,2025-10-26,,
Glover Ltd Printer 181,CODE-00289,Printer,London Office,Angela Conway,True,2023-03-27,,
Sanchez-Ward Server 349,CODE-00290,Server,London Office,Dorothy Atkins,True,2022-12-02,,
James-Wilson Printer 686,CODE-00291,Printer,Building A,Samantha Kelly,True,2024-07-14,,
Ayala and Sons Projector 309,CODE-00292,Projector,New York Office,Rebecca Church,True,2021-11-01,,
Brennan LLC Router 955,CODE-00293,Router,Building A,Brian Waters,True,2025-07-11,,
"Bates, Peck and Vincent Router 509",CODE-00294,Router,New York Office,Melissa Cohen,True,2021-06-01,,
Copeland PLC Phone 565,CODE-00295,Phone,New York Office,Robert Hamilton,True,2023-07-13,,
"Green, Frost and Richardson Phone 207",CODE-00296,Phone,Building B,Matthew Miller,False,2023-09-20,2024-08-24,
Chambers-Ruiz Projector 767,CODE-00297,Projector,London Office,Mary Banks,True,2023-02-20,,
Jones PLC Printer 418,CODE-00298,Printer,Storage Room,Teresa Terry,True,2024-06-01,,
Harris Group Software License 682,CODE-00299,Software License,Data Center 1,Dustin Mueller,True,2024-08-31,,
Lutz-Meyer Router 450,CODE-00300,Router,Remote (Home),Edwin Rice,True,2025-10-01,,
"Green, Cole and Larsen Projector 425",CODE-00301,Projector,London Office,Jessica Smith,True,2022-02-17,,
"Nguyen, Williams and Graham Phone 931",CODE-00302,Phone,Storage Room,Walter Foster,True,2021-01-09,,
"Morales, Goodman and Nelson Software License 583",CODE-00303,Software License,Data Center 1,Jeremy Hernandez,True,2023-04-14,,
Simpson Group Desktop 712,CODE-00304,Desktop,Storage Room,Matthew Daniels,True,2022-09-12,,
"Ramirez, Sherman and Benson Monitor 850",CODE-00305,Monitor,Building A,Ashley Barnett,True,2023-06-18,,
Wilson-Russell Monitor 792,CODE-00306,Monitor,Remote (Home),Jeff Chambers,True,2024-01-01,,
Wu Ltd Router 249,CODE-00307,Router,Storage Room,Sharon Allen,True,2022-10-08,,
Elliott Ltd Desktop 791,CODE-00308,Desktop,Remote (Home),Jennifer Daugherty,True,2025-10-22,,
"Smith, Collins and Brooks Projector 928",CODE-00309,Projector,Building A,Elizabeth Hurley,True,2024-05-23,,
Torres PLC Monitor 944,CODE-00310,Monitor,Data Center 1,Alan Clark,False,2025-09-29,2025-10-18,
"Rush, Jackson and Barnett Printer 193",CODE-00311,Printer,Building A,Tammy Lowery,True,2024-11-29,,
Williamson Inc Phone 377,CODE-00312,Phone,Data Center 1,Margaret Wilson,False,2024-03-08,2024-04-01,
Morrison-Mccarthy Desktop 451,CODE-00313,Desktop,New York Office,Ryan Fisher,True,2024-01-04,,
Simmons Group Router 561,CODE-00314,Router,Building B,Jamie James,True,2023-05-28,,
Bradley-Guerrero Monitor 426,CODE-00315,Monitor,Building A,Christopher Boyd,True,2025-01-19,,
Thomas Group Projector 634,CODE-00316,Projector,Building A,Rodney Sandoval,True,2025-10-16,,
Nelson Inc Printer 437,CODE-00317,Printer,New York Office,Nicholas Bailey,True,2021-04-09,,
Salazar Inc Desktop 780,CODE-00318,Desktop,Storage Room,Amanda Hunter,True,2020-12-10,,
Thompson Ltd Monitor 383,CODE-00319,Monitor,London Office,Joseph Farrell,True,2025-04-08,,
Sullivan-Fowler Laptop 401,CODE-00320,Laptop,Storage Room,Lucas Hunter,True,2020-12-16,,
Fuentes-Krause Monitor 760,CODE-00321,Monitor,Remote (Home),Daniel Hunter,True,2023-05-19,,
Bridges and Sons Laptop 915,CODE-00322,Laptop,London Office,Bethany Burch,True,2025-05-25,,
Schmitt-Johnson Router 124,CODE-00323,Router,Remote (Home),Richard Perez,True,2021-06-02,,
"Gibbs, Perez and Ballard Phone 742",CODE-00324,Phone,Storage Room,Nicholas Hayes,True,2020-11-23,,
"Weaver, Parker and Lewis Projector 637",CODE-00325,Projector,Building B,Dylan Jacobs,True,2023-02-28,,
Hall-Diaz Router 215,CODE-00326,Router,Remote (Home),Tina Cox,True,2023-06-09,,
Obrien-Gordon Printer 169,CODE-00327,Printer,Data Center 1,Brett Campbell,True,2024-03-31,,
"Gay, Rojas and Chang Printer 784",CODE-00328,Printer,Storage Room,Antonio Cooper,False,2021-02-20,2025-06-29,
Ross-Vargas Phone 789,CODE-00329,Phone,New York Office,Thomas Powell,True,2022-01-16,,
"Mcguire, Mcmahon and Love Monitor 634",CODE-00330,Monitor,Storage Room,Cole Saunders,True,2023-04-07,,
"Rodgers, Davidson and Lopez Printer 443",CODE-00331,Printer,Remote (Home),Madeline Johnson,False,2023-08-31,2025-09-03,
"Ray, George and Lopez Monitor 176",CODE-00332,Monitor,Remote (Home),Wendy Hunt,True,2024-01-17,,
Rose-Jackson Software License 386,CODE-00333,Software License,New York Office,Catherine Reynolds,True,2024-06-09,,
Brown PLC Phone 858,CODE-00334,Phone,New York Office,Jerry Ortega,False,2021-07-14,2023-02-26,
Phillips Inc Laptop 214,CODE-00335,Laptop,Building A,John Christensen,True,2021-03-05,,
Browning-Norman Router 242,CODE-00336,Router,Storage Room,Laura Johnson,True,2025-08-07,,
Martin Ltd Router 802,CODE-00337,Router,London Office,Jonathan Becker,True,2021-07-08,,
Ortiz and Sons Server 156,CODE-00338,Server,Remote (Home),Mr. Wayne Reyes,True,2024-11-17,,
Flynn-Hill Phone 441,CODE-00339,Phone,Building A,James Cohen,True,2025-10-19,,
Galloway Ltd Printer 608,CODE-00340,Printer,London Office,Jeremy Scott,True,2022-07-20,,
Reid-Pratt Monitor 870,CODE-00341,Monitor,Building A,Barry Allen,True,2024-05-21,,
Hardy Ltd Software License 211,CODE-00342,Software License,Remote (Home),Gary Smith,False,2021-12-12,2023-03-26,
"Perry, Warren and Lin Desktop 681",CODE-00343,Desktop,Data Center 1,Dana Kelley,False,2022-03-14,2025-08-19,
Smith-Schultz Projector 979,CODE-00344,Projector,London Office,Christopher Johnson,True,2021-08-08,,
Jacobs-Wilson Software License 453,CODE-00345,Software License,Storage Room,Olivia Mccullough,True,2021-01-08,,
"Crawford, Martin and Dennis Projector 793",CODE-00346,Projector,Remote (Home),Tracy Haney,True,2024-09-25,,
"Velez, Smith and Johnson Phone 638",CODE-00347,Phone,Building A,Ronald Carter,True,2023-10-03,,
Brandt-Watson Printer 485,CODE-00348,Printer,Remote (Home),Catherine Fitzgerald,True,2023-06-09,,
Smith-Ortega Laptop 486,CODE-00349,Laptop,Storage Room,Amanda Rodriguez,True,2025-03-31,,
Sanders-Mann Server 142,CODE-00350,Server,Building A,Robert Davis,True,2025-05-18,,
Dawson PLC Laptop 566,CODE-00351,Laptop,Storage Room,William Hoffman,True,2025-06-10,,
Howard-Bernard Projector 145,CODE-00352,Projector,Building B,Matthew Jackson,True,2021-07-02,,
Ingram LLC Phone 757,CODE-00353,Phone,London Office,Laurie Brown,True,2023-12-09,,
Miles Group Projector 732,CODE-00354,Projector,New York Office,Jennifer Wright,True,2021-01-05,,
"Murphy, Roberts and Lee Server 542",CODE-00355,Server,Data Center 1,Heidi Jensen,True,2021-11-09,,
Higgins-Bennett Laptop 654,CODE-00356,Laptop,Building B,Jason Gonzales,True,2023-07-15,,
Peterson-Bailey Router 786,CODE-00357,Router,New York Office,Nicole Sanders,True,2024-09-19,,
Weber and Sons Projector 501,CODE-00358,Projector,Data Center 1,Daniel Page,True,2023-03-28,,
"Smith, Perry and Espinoza Server 313",CODE-00359,Server,Data Center 1,Valerie Marquez,True,2025-02-15,,
"Owens, Evans and Morales Desktop 105",CODE-00360,Desktop,Data Center 1,Patrick Cortez,True,2025-04-02,,
"Griffin, Owens and Johnson Projector 201",CODE-00361,Projector,Building B,Meghan Conway,True,2021-05-31,,
Foster and Sons Laptop 744,CODE-00362,Laptop,Building B,John Dalton,True,2021-12-19,,
"Hartman, Anderson and Gallagher Laptop 113",CODE-00363,Laptop,Data Center 1,Evelyn Flowers,False,2023-06-09,2024-07-29,
"Becker, Garcia and Harmon Projector 810",CODE-00364,Projector,Building B,Emily Schultz,True,2021-02-04,,
Sanchez-Reeves Printer 314,CODE-00365,Printer,Storage Room,Scott Perez,True,2023-02-07,,
"Elliott, Heath and Chung Software License 941",CODE-00366,Software License,Storage Room,Lauren Warner,True,2023-05-15,,
"Palmer, Garcia and Perez Projector 707",CODE-00367,Projector,Building B,Charles Bishop,True,2022-09-08,,
Lopez-Davis Monitor 532,CODE-00368,Monitor,Building B,James Fowler,True,2025-09-19,,
"Lam, Jacobs and Acevedo Desktop 654",CODE-00369,Desktop,Building A,Troy James,True,2021-06-10,,
Macdonald PLC Phone 692,CODE-00370,Phone,Data Center 1,Andrea Phillips,True,2022-01-16,,
Gregory-Gay Phone 524,CODE-00371,Phone,Data Center 1,Jeffrey Ali,True,2025-05-05,,
"Carey, Leach and Rocha Monitor 960",CODE-00372,Monitor,London Office,Roy Davis,True,2021-10-01,,
Davis-Morgan Desktop 246,CODE-00373,Desktop,London Office,Kimberly Phillips,True,2025-09-08,,
"Hayes, Mcintyre and Franklin Monitor 352",CODE-00374,Monitor,London Office,Tiffany Woods,True,2024-10-11,,
Torres Group Laptop 483,CODE-00375,Laptop,Data Center 1,Abigail Bailey,True,2023-04-28,,
Huffman Group Server 133,CODE-00376,Server,Remote (Home),Megan Hernandez,True,2023-03-28,,
Montgomery-Anderson Phone 791,CODE-00377,Phone,Storage Room,Jennifer Sanchez,True,2025-02-25,,
"Rodriguez, Williams and Ali Laptop 183",CODE-00378,Laptop,Building A,Nicholas Jones,True,2024-09-14,,
Warren-Mays Projector 683,CODE-00379,Projector,New York Office,Jennifer Jones,True,2022-11-22,,
Mooney and Sons Phone 761,CODE-00380,Phone,New York Office,Elizabeth Hernandez,True,2021-08-10,,
"Jackson, Allen and Carroll Software License 809",CODE-00381,Software License,New York Office,Emily Silva,True,2022-05-18,,
"Berg, Green and Wells Projector 271",CODE-00382,Projector,Remote (Home),Jennifer Williams,True,2024-06-12,,
Delacruz LLC Monitor 613,CODE-00383,Monitor,Building A,Joseph Fry,True,2024-01-10,,
Foster and Sons Server 208,CODE-00384,Server,Remote (Home),Taylor Livingston,True,2021-08-03,,
Edwards-Mitchell Monitor 985,CODE-00385,Monitor,Storage Room,Heather Warren,True,2024-01-07,,
Clarke-White Server 731,CODE-00386,Server,Storage Room,Kristin Martin,False,2023-08-25,2024-09-21,
Chandler-Ayala Laptop 974,CODE-00387,Laptop,New York Office,Jessica Avery,True,2024-03-16,,
Delacruz and Sons Monitor 562,CODE-00388,Monitor,Storage Room,Rachel Nelson,True,2021-04-16,,
"Gonzalez, Patton and Jones Software License 445",CODE-00389,Software License,Building B,Jean Welch,True,2024-04-28,,
Jackson-Mendoza Router 239,CODE-00390,Router,Data Center 1,Richard Allen,True,2022-08-22,,
"Patton, Bell and Edwards Router 550",CODE-00391,Router,Building B,Jose Long,True,2021-02-14,,
Dominguez-Mueller Printer 335,CODE-00392,Printer,Remote (Home),Jessica Valentine,True,2022-11-14,,
Perry Inc Router 836,CODE-00393,Router,Storage Room,Melissa Torres,True,2025-08-31,,
Gray-Russell Server 528,CODE-00394,Server,Building B,Renee Guerra,True,2025-02-08,,
Gutierrez Ltd Laptop 255,CODE-00395,Laptop,Building A,Theresa Wolf,True,2024-07-02,,
Brown Inc Projector 336,CODE-00396,Projector,Building A,Kelly Murphy,True,2022-06-23,,
Roach-Dickerson Monitor 694,CODE-00397,Monitor,Building B,Melissa Salazar,True,2024-08-26,,
Allen-Gonzalez Laptop 104,CODE-00398,Laptop,Building B,Charles Mitchell,True,2024-08-14,,
Jones-Phillips Printer 261,CODE-00399,Printer,Building B,Brittany Martinez,True,2025-10-08,,
Swanson and Sons Projector 954,CODE-00400,Projector,Data Center 1,Brianna Cobb,True,2021-03-03,,
Carpenter-Bautista Monitor 990,CODE-00401,Monitor,New York Office,Tiffany Mitchell,True,2021-06-06,,
"Williams, Lewis and Johnson Server 586",CODE-00402,Server,Data Center 1,Veronica Brooks,True,2023-05-03,,
Duncan PLC Projector 179,CODE-00403,Projector,Storage Room,Laura Garcia,True,2023-06-04,,
Cole-Acevedo Software License 677,CODE-00404,Software License,Remote (Home),Michelle Russell,True,2024-08-22,,
"Thompson, Fritz and Wallace Printer 378",CODE-00405,Printer,Remote (Home),David Robinson,False,2024-04-26,2025-08-08,
"Webb, Meyer and Grant Desktop 316",CODE-00406,Desktop,Building A,Peter Jackson,True,2025-04-15,,
"Le, Curry and Smith Laptop 871",CODE-00407,Laptop,Building A,Deborah Sullivan,True,2023-03-10,,
Edwards LLC Router 134,CODE-00408,Router,Remote (Home),Douglas Brown,True,2024-06-01,,
"Heath, Kelly and Richards Router 632",CODE-00409,Router,Storage Room,Kathy Hawkins,True,2023-01-10,,
Hughes Ltd Software License 781,CODE-00410,Software License,Remote (Home),Joseph Curtis,True,2025-04-14,,
Chen-Walker Laptop 746,CODE-00411,Laptop,New York Office,Kathy Mendoza,True,2022-09-23,,
Brewer-Morton Desktop 115,CODE-00412,Desktop,London Office,Robert Robinson,False,2022-02-06,2025-08-05,
Cox and Sons Monitor 882,CODE-00413,Monitor,Data Center 1,Jeffrey Brown,True,2021-03-09,,
"Dunn, Anderson and George Phone 149",CODE-00414,Phone,Remote (Home),Laura Greene,False,2022-03-19,2023-05-16,
Zavala-Moses Software License 696,CODE-00415,Software License,Building A,Karen Smith,True,2025-02-28,,
"Baker, Nelson and Baker Projector 234",CODE-00416,Projector,London Office,Chad Griffith,True,2024-03-26,,
"Fields, Mcbride and Hernandez Printer 919",CODE-00417,Printer,Building A,John Phillips,True,2022-09-30,,
Wise-Moore Phone 730,CODE-00418,Phone,New York Office,Courtney Scott,True,2025-08-18,,
Ayala-Macias Router 748,CODE-00419,Router,Data Center 1,Jackie King,True,2024-10-19,,
Baxter-Lopez Printer 578,CODE-00420,Printer,Building B,Kenneth Weaver,True,2021-10-13,,
Kerr-Kim Projector 824,CODE-00421,Projector,Building A,Robert Munoz,True,2021-06-22,,
Thomas PLC Desktop 706,CODE-00422,Desktop,London Office,Beth Baker,True,2025-10-25,,
Burns PLC Server 795,CODE-00423,Server,Data Center 1,Tamara Smith,True,2024-01-20,,
Newman-Estrada Projector 256,CODE-00424,Projector,Building A,Holly Espinoza,True,2023-02-03,,
Fernandez-Yu Software License 844,CODE-00425,Software License,Remote (Home),Jared Johnson,True,2022-07-11,,
Brooks-Anderson Phone 797,CODE-00426,Phone,London Office,Jamie Randolph,True,2024-11-15,,
Hebert and Sons Projector 679,CODE-00427,Projector,Building A,Jeffrey Heath,True,2021-04-02,,
Perez-Martin Projector 195,CODE-00428,Projector,Building B,Daniel Tran,True,2021-07-17,,
"Cardenas, Mayo and Coleman Desktop 932",CODE-00429,Desktop,New York Office,Kristi Lynch,True,2023-02-18,,
Kirby Inc Software License 315,CODE-00430,Software License,Storage Room,Richard Gutierrez,True,2025-04-29,,
Washington-Taylor Desktop 300,CODE-00431,Desktop,Data Center 1,Rhonda Petersen,True,2025-01-25,,
Rodriguez Inc Laptop 961,CODE-00432,Laptop,Building A,Angela Adkins,True,2025-04-15,,
Carpenter Inc Monitor 118,CODE-00433,Monitor,London Office,Jeremiah Bowers,True,2025-08-19,,
Deleon-Vargas Projector 245,CODE-00434,Projector,New York Office,David Barker Jr.,True,2022-07-28,,
White-Salinas Monitor 382,CODE-00435,Monitor,Storage Room,Julie Shaw,True,2023-04-25,,
Kramer Inc Server 619,CODE-00436,Server,Remote (Home),Jennifer Gutierrez,True,2025-08-01,,
Parker-Bell Server 573,CODE-00437,Server,Building B,Amanda Yang,True,2023-11-02,,
Bennett-Elliott Projector 995,CODE-00438,Projector,Building A,Sarah Jackson,True,2023-03-18,,
Gallagher Ltd Laptop 944,CODE-00439,Laptop,Building B,Jennifer Randall,True,2023-10-14,,
Mcclure and Sons Server 337,CODE-00440,Server,Building A,Sarah Aguilar,True,2024-01-22,,
Rodriguez-Petty Laptop 788,CODE-00441,Laptop,London Office,Christopher Zamora,True,2022-05-08,,
Rowe-Bentley Monitor 114,CODE-00442,Monitor,London Office,Frank Lewis,True,2024-02-22,,
Thomas-Quinn Software License 368,CODE-00443,Software License,Building A,Virginia Daniels,True,2022-05-01,,
"Travis, Moreno and Brown Phone 930",CODE-00444,Phone,Data Center 1,Christopher Burton,True,2023-01-22,,
"White, Wilson and Hanson Monitor 963",CODE-00445,Monitor,Data Center 1,Travis Vasquez,True,2021-10-10,,
Gray PLC Software License 409,CODE-00446,Software License,Data Center 1,Andrew Cook,True,2023-06-21,,
Miller-Ponce Projector 330,CODE-00447,Projector,London Office,Mr. Tyrone Trujillo,False,2022-06-07,2022-11-29,
"Santos, Richmond and Miller Printer 206",CODE-00448,Printer,Building B,Shannon Fry,True,2021-03-24,,
Webb Inc Projector 881,CODE-00449,Projector,Building B,Lydia Andrews,True,2024-07-09,,
"Phillips, Foley and Harris Software License 158",CODE-00450,Software License,New York Office,Samuel Mathews,False,2024-06-05,2025-10-23,
Diaz-Harris Monitor 224,CODE-00451,Monitor,New York Office,Jennifer Estrada,True,2022-03-19,,
Sanford-Johnson Software License 792,CODE-00452,Software License,New York Office,Andrea Strickland,True,2024-03-19,,
Ramirez-Baker Desktop 918,CODE-00453,Desktop,London Office,Matthew Davis,True,2024-12-27,,
Navarro LLC Desktop 591,CODE-00454,Desktop,Building A,Tammy Williamson,True,2024-05-13,,
Moreno-Soto Desktop 786,CODE-00455,Desktop,Storage Room,Darlene Woods,True,2025-06-01,,
"Soto, Watson and Anderson Router 286",CODE-00456,Router,Storage Room,Teresa Dunn MD,True,2024-08-26,,
Gregory Group Phone 536,CODE-00457,Phone,Building B,Michael Summers,True,2021-10-25,,
Ryan Ltd Server 615,CODE-00458,Server,Building A,Dr. David Adkins,True,2023-01-27,,
"Lopez, Odonnell and Torres Router 819",CODE-00459,Router,Data Center 1,Alexander Wiley,True,2022-03-06,,
"Manning, Hurst and Ingram Monitor 405",CODE-00460,Monitor,Building B,Jason Parks,True,2023-06-26,,
Dixon Inc Server 666,CODE-00461,Server,Building A,Marvin Reed,True,2021-02-19,,
Vincent-Duran Laptop 538,CODE-00462,Laptop,Building A,Charles Davis,True,2024-08-06,,
Hebert Ltd Laptop 354,CODE-00463,Laptop,Storage Room,Christopher Knight,True,2025-06-17,,
Patterson-Kline Phone 877,CODE-00464,Phone,London Office,Megan Fowler DDS,True,2021-04-08,,
Snyder Group Router 581,CODE-00465,Router,London Office,Melissa Stevens,False,2023-11-02,2025-01-17,
Walker-Jackson Monitor 527,CODE-00466,Monitor,Storage Room,Jeffrey Lee,True,2022-11-27,,
Hayes-Owen Projector 702,CODE-00467,Projector,New York Office,Michael Mathis,True,2025-04-21,,
Kennedy-Young Printer 662,CODE-00468,Printer,New York Office,Charles Hart,True,2024-12-12,,
Jones and Sons Router 926,CODE-00469,Router,Data Center 1,Amber Perkins,True,2025-06-28,,
Sutton and Sons Software License 387,CODE-00470,Software License,Building A,Allison Roberts,True,2022-04-14,,
Garcia-Kemp Printer 512,CODE-00471,Printer,Storage Room,Sheila Smith,True,2022-10-12,,
Campbell Group Monitor 236,CODE-00472,Monitor,Building B,Evan Macias,False,2024-02-09,2025-01-09,
Allen-Molina Projector 410,CODE-00473,Projector,Remote (Home),Ashley Contreras,True,2022-06-30,,
Daniel and Sons Printer 378,CODE-00474,Printer,London Office,David Hardin,True,2021-05-24,,
Kirk Inc Desktop 270,CODE-00475,Desktop,Building B,Samuel Martinez,True,2023-03-18,,
Walker-Kemp Printer 114,CODE-00476,Printer,Remote (Home),Cynthia Harvey,True,2021-09-07,,
Pineda Inc Monitor 845,CODE-00477,Monitor,New York Office,Timothy Webster,True,2024-09-04,,
Hardy PLC Monitor 329,CODE-00478,Monitor,Remote (Home),Mrs. Rachel Chavez,True,2024-04-08,,
Peters-White Laptop 754,CODE-00479,Laptop,Building B,Shannon Peterson,True,2022-09-21,,
Mcpherson Inc Laptop 407,CODE-00480,Laptop,Remote (Home),Todd Neal,True,2023-01-26,,
Jackson-Mitchell Projector 952,CODE-00481,Projector,Remote (Home),Tamara Owen,True,2024-10-19,,
"Nelson, Ellis and Richardson Desktop 494",CODE-00482,Desktop,Storage Room,Jordan Simon,True,2022-10-09,,
"Jones, Reeves and Castaneda Projector 537",CODE-00483,Projector,Building B,Jeffrey Johnson,True,2025-03-30,,
"Cooper, Mcgrath and Rice Router 370",CODE-00484,Router,Data Center 1,Emily Bradley DDS,True,2020-11-22,,
"Blackburn, Daniels and Kennedy Router 643",CODE-00485,Router,Building B,Gary Mitchell,True,2022-05-18,,
Brooks-Hayden Desktop 734,CODE-00486,Desktop,Storage Room,Beth Whitaker,True,2022-04-09,,
Wells-Lawrence Monitor 648,CODE-00487,Monitor,Storage Room,Larry Johnson,True,2022-04-15,,
Lee LLC Projector 945,CODE-00488,Projector,Building B,Raymond Solis,True,2022-07-03,,
Harrison-Drake Projector 120,CODE-00489,Projector,Data Center 1,Amanda Long,True,2024-04-22,,
"Richardson, Marquez and Robertson Monitor 495",CODE-00490,Monitor,London Office,Sharon Brown,True,2024-07-13,,
Davis-Green Server 740,CODE-00491,Server,London Office,Alexandra Beltran,True,2024-06-24,,
Watson Inc Laptop 590,CODE-00492,Laptop,Remote (Home),Tara Phillips,True,2024-06-09,,
Turner-Herring Server 732,CODE-00493,Server,Building B,Shawn Galvan,True,2021-10-11,,
Torres-Bailey Software License 933,CODE-00494,Software License,Storage Room,Mary Newman,False,2021-08-20,2023-09-04,
"Nguyen, Moody and Skinner Printer 264",CODE-00495,Printer,Data Center 1,Michele Simpson,True,2025-10-28,,
"Terrell, Gordon and Scott Router 418",CODE-00496,Router,Remote (Home),William Crawford,True,2022-09-22,,
Gillespie-Kidd Monitor 549,CODE-00497,Monitor,Building A,Kayla Moreno,True,2025-05-15,,
Knight PLC Projector 123,CODE-00498,Projector,Building B,Jennifer Fritz,False,2024-01-09,2025-02-24,
"Harper, Simpson and Ross Printer 169",CODE-00499,Printer,Building B,Brittany Pierce,True,2022-03-15,,
"Johnson, Cardenas and Maxwell Software License 768",CODE-00500,Software License,Remote (Home),Vanessa Adams,True,2021-07-26,,
"Conrad, Escobar and Wilson Router 152",CODE-00501,Router,Storage Room,Caleb Schroeder,True,2021-03-18,,
"Williams, Buchanan and Smith Desktop 504",CODE-00502,Desktop,New York Office,Shaun Parker,True,2022-05-29,,
"George, Smith and Carey Software License 439",CODE-00503,Software License,London Office,Jennifer Daniel,True,2021-06-16,,
Solomon-Davis Software License 339,CODE-00504,Software License,Building B,Mathew Bell,True,2022-12-31,,
"Reilly, Anderson and Jackson Desktop 693",CODE-00505,Desktop,London Office,Carla Kelly,True,2023-02-28,,
Baxter-Oneal Server 188,CODE-00506,Server,London Office,Jamie Williams,True,2022-12-21,,
Brooks LLC Printer 741,CODE-00507,Printer,New York Office,Jason Yang,True,2025-09-10,,
Vaughn LLC Printer 650,CODE-00508,Printer,Building B,Thomas Johnson,True,2022-06-03,,
Walker and Sons Projector 270,CODE-00509,Projector,Storage Room,John Parker,True,2021-06-18,,
Gay Inc Desktop 253,CODE-00510,Desktop,Building A,Rhonda Mccoy,True,2023-09-27,,
Rojas Inc Server 205,CODE-00511,Server,New York Office,Julian Ingram,True,2023-11-24,,
Barnett Ltd Printer 570,CODE-00512,Printer,London Office,Jon Barker,True,2023-11-28,,
Juarez LLC Router 798,CODE-00513,Router,Building A,Jesus Maldonado,True,2025-02-14,,
"Lamb, Oneill and Gardner Laptop 461",CODE-00514,Laptop,New York Office,Joshua Johnson,True,2020-12-12,,
Weaver LLC Printer 580,CODE-00515,Printer,Remote (Home),Jonathan Berry MD,True,2022-03-11,,
Skinner and Sons Monitor 968,CODE-00516,Monitor,Data Center 1,Sheila Scott,True,2023-11-27,,
"Henry, Miller and Barajas Phone 326",CODE-00517,Phone,Storage Room,Scott Wise,True,2021-09-16,,
Bennett and Sons Software License 809,CODE-00518,Software License,Storage Room,Robin Proctor,True,2024-07-27,,
Douglas-Sanders Laptop 633,CODE-00519,Laptop,Building A,Leslie Campbell,True,2024-02-08,,
Shepherd-Johnson Server 292,CODE-00520,Server,Storage Room,Taylor Woods,True,2024-08-24,,
"Armstrong, Kelly and Martinez Monitor 821",CODE-00521,Monitor,Remote (Home),Kimberly Flores,True,2021-07-24,,
Obrien-Edwards Router 844,CODE-00522,Router,Building A,David Brown,True,2022-07-23,,
Cherry and Sons Desktop 985,CODE-00523,Desktop,Storage Room,Yolanda Sanchez,True,2023-06-16,,
"Butler, Mckinney and Ross Software License 272",CODE-00524,Software License,London Office,Laura Cox,True,2025-10-17,,
Allen Group Desktop 982,CODE-00525,Desktop,New York Office,Jeffrey Nelson,True,2023-11-30,,
"Nguyen, Reid and Lutz Software License 473",CODE-00526,Software License,London Office,Jeffrey Lee,True,2024-05-12,,
"Carter, Middleton and Hopkins Server 409",CODE-00527,Server,New York Office,Margaret Schultz,True,2021-09-23,,
Gonzalez Group Laptop 478,CODE-00528,Laptop,London Office,Gabriella Atkins,True,2022-05-31,,
Lee-Keller Phone 835,CODE-00529,Phone,Data Center 1,Alexis Martinez,True,2023-05-31,,
Lucas Inc Monitor 397,CODE-00530,Monitor,New York Office,Jeremy Wood,True,2025-03-14,,
Newman-Grimes Printer 539,CODE-00531,Printer,Remote (Home),Kenneth King,True,2023-10-15,,
Barajas Group Phone 326,CODE-00532,Phone,Building A,Melissa Stewart,True,2024-07-03,,
Molina and Sons Printer 380,CODE-00533,Printer,Building B,Rebecca Marshall DVM,False,2022-01-14,2023-10-27,
Brown-West Printer 400,CODE-00534,Printer,Building A,Samuel Rogers,True,2021-01-15,,
Jordan Inc Projector 250,CODE-00535,Projector,New York Office,Patricia Schroeder,True,2024-10-23,,
King Group Server 327,CODE-00536,Server,New York Office,Dr. Jessica Bruce,True,2024-10-26,,
"Rivera, Jones and Case Server 915",CODE-00537,Server,London Office,Rachel Black,True,2023-06-23,,
"Pierce, Hill and James Desktop 718",CODE-00538,Desktop,New York Office,Anthony Keller,True,2022-06-28,,
Hill and Sons Desktop 858,CODE-00539,Desktop,Building A,Betty Price,True,2024-02-07,,
Fisher-Bruce Phone 115,CODE-00540,Phone,Building B,Brian Lee,True,2024-12-21,,
Moore-Brennan Server 617,CODE-00541,Server,New York Office,Tiffany Mckay,True,2024-11-01,,
"Orr, Salinas and Smith Server 290",CODE-00542,Server,Data Center 1,Audrey Sullivan,False,2020-11-30,2020-12-25,
"Nunez, Spencer and Burton Printer 693",CODE-00543,Printer,Building A,Tim Mays,True,2023-04-01,,
"Harris, Harris and Johnson Desktop 675",CODE-00544,Desktop,London Office,Audrey Miller,True,2022-04-13,,
"Douglas, Mcguire and Rodgers Printer 987",CODE-00545,Printer,Building A,Heather Hayes,True,2022-10-06,,
Dean-Sandoval Projector 373,CODE-00546,Projector,Data Center 1,Sarah Johnson,True,2022-09-14,,
Santana LLC Router 924,CODE-00547,Router,Remote (Home),Kimberly Washington,True,2021-03-08,,
Finley-Warren Server 885,CODE-00548,Server,Data Center 1,Madison Fletcher,True,2022-09-20,,
Willis-Mercado Software License 476,CODE-00549,Software License,Data Center 1,John Stevenson,True,2024-10-19,,
Morris PLC Monitor 673,CODE-00550,Monitor,Remote (Home),Robert Marshall,True,2024-04-14,,
Cuevas PLC Printer 459,CODE-00551,Printer,Building B,Jacob Haynes,True,2024-05-17,,
Kim Inc Desktop 913,CODE-00552,Desktop,New York Office,Tracey Oconnell,True,2023-07-07,,
Rodriguez-Collier Printer 796,CODE-00553,Printer,Storage Room,Cameron Duran,False,2024-10-24,2025-05-08,
Barton-Patrick Monitor 566,CODE-00554,Monitor,Building B,John Mack,True,2021-06-21,,
Martin Ltd Printer 656,CODE-00555,Printer,New York Office,Laura Brooks,True,2021-04-12,,
Barber-Lewis Desktop 642,CODE-00556,Desktop,Remote (Home),Joshua Schultz,True,2023-05-11,,
Cummings PLC Desktop 187,CODE-00557,Desktop,London Office,Lori Harrell,False,2025-10-02,2025-11-05,
Miller-Huff Phone 674,CODE-00558,Phone,New York Office,Lisa Perez,True,2025-07-26,,
Wilkins-Perkins Software License 683,CODE-00559,Software License,Building A,Michael Malone,True,2024-10-30,,
"Boyd, Mullins and Benson Desktop 429",CODE-00560,Desktop,New York Office,Kaylee English,True,2023-08-07,,
"Meza, Middleton and Russell Router 936",CODE-00561,Router,Remote (Home),Marcus Frank,True,2024-06-29,,
West PLC Router 690,CODE-00562,Router,London Office,Jessica Fry,True,2025-09-13,,
Hawkins-Davis Server 501,CODE-00563,Server,Remote (Home),Ana Howell,True,2024-01-30,,
"Smith, Orr and Fritz Projector 317",CODE-00564,Projector,New York Office,Lisa Martin,True,2021-10-16,,
Bailey Group Printer 510,CODE-00565,Printer,Storage Room,Katelyn Brown,True,2021-06-09,,
Turner-Ward Printer 847,CODE-00566,Printer,Storage Room,Kimberly James,True,2024-01-31,,
Cooley-Reid Server 183,CODE-00567,Server,Data Center 1,Brianna Morgan,True,2022-09-03,,
"Pope, Smith and Sloan Software License 650",CODE-00568,Software License,Remote (Home),Emily Munoz,True,2023-06-23,,
Park and Sons Printer 823,CODE-00569,Printer,New York Office,Cody Craig,False,2025-10-12,2025-10-17,
"Harrell, Hanson and Powell Router 833",CODE-00570,Router,Storage Room,Suzanne Hernandez,True,2024-04-20,,
"Chambers, Figueroa and Warren Software License 212",CODE-00571,Software License,Building A,Jordan Salazar,True,2023-11-21,,
"Jensen, Reid and Davis Desktop 909",CODE-00572,Desktop,Storage Room,Christopher Larson,True,2023-02-23,,
Graham-Mcpherson Printer 485,CODE-00573,Printer,Building B,Chelsea Baldwin,True,2024-05-06,,
Ochoa Ltd Printer 417,CODE-00574,Printer,Remote (Home),Timothy Davis,False,2024-04-19,2025-04-11,
Butler-Moore Phone 240,CODE-00575,Phone,Remote (Home),Kerry Henry,True,2024-10-17,,
Hudson-Martinez Laptop 105,CODE-00576,Laptop,Building A,Danielle Johnson,True,2024-12-05,,
"Carroll, Whitehead and Vasquez Software License 119",CODE-00577,Software License,Storage Room,Edward May,True,2024-12-05,,
Powell LLC Software License 949,CODE-00578,Software License,Building A,Beverly Lane,True,2023-03-14,,
Lane and Sons Printer 686,CODE-00579,Printer,Data Center 1,Rachel Nelson,True,2021-08-11,,
Jensen-Anthony Server 169,CODE-00580,Server,Data Center 1,Sharon Freeman,True,2025-05-06,,
Huerta-James Server 129,CODE-00581,Server,Building B,Ms. Samantha Miller,False,2020-11-21,2023-07-01,
"Berg, Haynes and Morton Router 684",CODE-00582,Router,New York Office,Bailey Jacobson,True,2023-07-12,,
Wilson-Chambers Desktop 537,CODE-00583,Desktop,London Office,Michelle Moore,True,2023-10-19,,
"Ruiz, Simon and Boyle Laptop 385",CODE-00584,Laptop,Data Center 1,Jose Cole,True,2024-08-01,,
"Collier, Fitzgerald and Evans Printer 351",CODE-00585,Printer,New York Office,Nicholas Williams,False,2023-12-01,2025-04-17,
Rodriguez-Fitzgerald Printer 714,CODE-00586,Printer,Building B,Daniel Evans,True,2022-11-22,,
"Wright, Rogers and Newman Phone 509",CODE-00587,Phone,Building A,Brian Reyes,True,2020-12-17,,
Freeman Group Desktop 534,CODE-00588,Desktop,Storage Room,Kirsten Davis,True,2024-04-14,,
"Jones, Sanchez and Jones Laptop 736",CODE-00589,Laptop,Building B,Matthew Serrano,True,2021-04-05,,
"Harris, Davis and Price Server 993",CODE-00590,Server,Remote (Home),Lynn Thomas,True,2023-08-06,,
Davis-Lee Laptop 275,CODE-00591,Laptop,Storage Room,Dawn Gonzales,True,2021-11-04,,
"Wright, Ramos and Griffith Monitor 169",CODE-00592,Monitor,Data Center 1,Jose Jacobson,True,2025-01-25,,
Perez PLC Software License 984,CODE-00593,Software License,Building B,David Williams,True,2024-08-07,,
Hayes PLC Printer 554,CODE-00594,Printer,Storage Room,Joshua Mitchell,True,2025-08-06,,
Miller-Taylor Server 187,CODE-00595,Server,Storage Room,Anna Jones,True,2025-08-02,,
"Morris, Meza and Kent Router 369",CODE-00596,Router,Storage Room,Mr. Robert Ryan,True,2024-10-17,,
Shelton-Rivera Phone 970,CODE-00597,Phone,Remote (Home),Harry Lee,True,2022-09-25,,
Simpson and Sons Printer 268,CODE-00598,Printer,New York Office,Suzanne Davis,True,2022-06-25,,
Reyes Inc Monitor 977,CODE-00599,Monitor,London Office,Anthony Robinson,True,2025-09-09,,
Walton Group Desktop 918,CODE-00600,Desktop,Remote (Home),Brittany Wilkins,True,2025-01-23,,
"Chan, Perez and Thomas Desktop 679",CODE-00601,Desktop,Storage Room,Lisa Harper,True,2024-10-11,,
Jones LLC Laptop 759,CODE-00602,Laptop,Remote (Home),Joshua Wilson,True,2022-09-13,,
Parks-Vang Server 790,CODE-00603,Server,Data Center 1,William Phillips,False,2022-04-30,2024-11-17,
Mason PLC Laptop 648,CODE-00604,Laptop,London Office,Ana Smith,True,2023-03-21,,
"Myers, Walters and Gonzalez Router 583",CODE-00605,Router,Storage Room,Kelly Snyder,True,2023-09-14,,
"Rasmussen, Clark and Henderson Desktop 265",CODE-00606,Desktop,Building A,Barbara Williams,True,2024-06-09,,
"Levine, Jennings and Tate Phone 984",CODE-00607,Phone,London Office,Jennifer Becker,False,2021-02-22,2023-11-17,
Schroeder-Wilson Software License 424,CODE-00608,Software License,Data Center 1,Kim Howell,True,2024-01-30,,
Garcia-Crawford Desktop 721,CODE-00609,Desktop,Building B,Tiffany Grant,True,2023-08-13,,
Petty-Townsend Projector 784,CODE-00610,Projector,Storage Room,Patrick Wallace,True,2023-07-28,,
Dyer-Robinson Laptop 619,CODE-00611,Laptop,London Office,Joann Dixon,False,2024-03-09,2025-06-20,
Taylor PLC Projector 391,CODE-00612,Projector,Building B,Mrs. Amy Snyder,True,2023-04-08,,
Stewart Ltd Desktop 678,CODE-00613,Desktop,Building A,Elizabeth Weaver,True,2022-05-18,,
Young and Sons Router 376,CODE-00614,Router,Data Center 1,Peggy Roth,True,2022-04-22,,
Vasquez PLC Monitor 257,CODE-00615,Monitor,London Office,Megan Wise,False,2024-02-29,2024-04-10,
Gross-Mendoza Projector 1000,CODE-00616,Projector,Storage Room,Aaron Goodman,True,2025-09-06,,
Tanner-Vance Server 782,CODE-00617,Server,Data Center 1,Antonio Parker,True,2023-07-09,,
Blackwell-Wong Desktop 395,CODE-00618,Desktop,Data Center 1,Francisco Boone,True,2022-05-03,,
Smith Group Printer 740,CODE-00619,Printer,Building B,Kelly Butler,True,2023-05-08,,
"Allison, Silva and Hodges Projector 727",CODE-00620,Projector,Storage Room,Michael Wood,True,2024-02-26,,
Floyd-Butler Desktop 240,CODE-00621,Desktop,Remote (Home),Madison Mccoy,True,2021-09-18,,
"Vega, Ray and Pierce Router 390",CODE-00622,Router,Remote (Home),Angel Hawkins,True,2023-09-05,,
"Fitzgerald, Chan and Fletcher Phone 803",CODE-00623,Phone,Data Center 1,Jennifer Jones,True,2024-03-11,,
Black Ltd Laptop 958,CODE-00624,Laptop,Storage Room,Luke Garcia,True,2021-01-15,,
"Simmons, Hughes and Kelly Server 726",CODE-00625,Server,New York Office,Matthew Collins,True,2021-07-30,,
Taylor-Powell Laptop 146,CODE-00626,Laptop,New York Office,Jodi Payne,True,2023-03-18,,
Jackson-Vaughn Desktop 842,CODE-00627,Desktop,Building B,Anna Jefferson,True,2022-11-05,,
"Thornton, Mcdaniel and Roy Printer 849",CODE-00628,Printer,London Office,Jacob Hernandez,True,2023-02-11,,
Lowe-Wright Printer 551,CODE-00629,Printer,Remote (Home),Mrs. Sarah Tate,True,2022-01-05,,
"Cook, Goodman and Zimmerman Projector 743",CODE-00630,Projector,Remote (Home),Michael Bennett,True,2025-08-12,,
"Moreno, Hall and Burke Laptop 529",CODE-00631,Laptop,Data Center 1,Beth Hahn,True,2021-06-19,,
"Hayes, Levine and Cannon Laptop 305",CODE-00632,Laptop,Building A,Kathryn Holland,True,2022-11-25,,
Davis and Sons Server 682,CODE-00633,Server,Data Center 1,Jane Cruz,True,2022-02-14,,
Chandler-Young Projector 614,CODE-00634,Projector,Storage Room,Ryan Smith,True,2025-07-11,,
Mayer PLC Laptop 500,CODE-00635,Laptop,Building B,John Rich,True,2022-11-12,,
Black-Jones Router 387,CODE-00636,Router,Building B,Joshua Kramer,True,2024-01-06,,
Moody Ltd Laptop 862,CODE-00637,Laptop,Remote (Home),Rebecca Peters,True,2020-11-06,,
Salas-Cameron Server 955,CODE-00638,Server,Storage Room,Adam Johnson,True,2022-07-19,,
Davis PLC Printer 942,CODE-00639,Printer,Data Center 1,Daniel Allen,True,2024-01-28,,
Williams Inc Desktop 102,CODE-00640,Desktop,New York Office,Karen Valencia,True,2023-02-10,,
"Lopez, Trujillo and Mayo Laptop 668",CODE-00641,Laptop,Building B,Melissa Collins MD,True,2023-11-21,,
Santiago Inc Phone 265,CODE-00642,Phone,London Office,Mrs. Laura Knapp,True,2023-09-23,,
Wright Ltd Software License 542,CODE-00643,Software License,Remote (Home),Matthew Padilla,True,2024-02-10,,
"Sullivan, Palmer and Warner Desktop 698",CODE-00644,Desktop,Remote (Home),Andrew Nunez,True,2022-05-01,,
"Sosa, Herrera and Miller Printer 745",CODE-00645,Printer,Remote (Home),Jennifer Jones,True,2025-08-10,,
"Barnes, Hawkins and Williams Projector 439",CODE-00646,Projector,Building B,Amy Barnes,True,2023-02-24,,
Martinez-Galvan Router 894,CODE-00647,Router,Building A,Stacey Wang,False,2024-03-24,2025-05-28,
Mccoy Group Printer 982,CODE-00648,Printer,Building A,Elizabeth Gutierrez,True,2021-10-09,,
Dunn and Sons Printer 893,CODE-00649,Printer,Storage Room,Deborah Stewart,True,2025-10-19,,
Montgomery-Moreno Printer 992,CODE-00650,Printer,Building A,Erin Morse,True,2024-12-05,,
"Grant, Ward and Acosta Monitor 443",CODE-00651,Monitor,Building B,Julia Forbes,True,2021-06-05,,
Le-Elliott Projector 382,CODE-00652,Projector,Building B,Michele Conner,False,2022-03-03,2025-10-15,
Watts-Lewis Laptop 137,CODE-00653,Laptop,New York Office,Luke Brown,True,2022-10-26,,
"Freeman, Hill and Rose Desktop 396",CODE-00654,Desktop,Building A,Adrienne Spencer,True,2024-05-19,,
Ellis-Duke Laptop 638,CODE-00655,Laptop,New York Office,Emily Andrews,False,2023-02-13,2025-09-30,
"Bell, Jordan and Pratt Phone 805",CODE-00656,Phone,New York Office,Christopher Davis,True,2025-01-14,,
Johnson-Browning Monitor 920,CODE-00657,Monitor,Storage Room,Maria Sheppard,True,2022-10-08,,
Parker and Sons Projector 459,CODE-00658,Projector,New York Office,Rachel Scott,True,2022-11-26,,
Rodriguez-Cox Desktop 388,CODE-00659,Desktop,Building B,James Johnson,True,2021-04-26,,
"Wagner, Pugh and Frazier Router 471",CODE-00660,Router,Building B,Margaret Campos,True,2023-02-03,,
Barnett-Coleman Laptop 943,CODE-00661,Laptop,Building B,Robert Schmidt,True,2025-02-10,,
"Norman, Greer and Wagner Printer 376",CODE-00662,Printer,Remote (Home),Emily Rowland,True,2025-07-02,,
Robinson-Taylor Server 412,CODE-00663,Server,New York Office,Robert Greene,True,2021-10-02,,
Henderson LLC Phone 640,CODE-00664,Phone,New York Office,Susan Brooks,True,2021-04-10,,
"Suarez, Moses and Johnson Desktop 565",CODE-00665,Desktop,Building A,Emily Weiss,True,2023-05-24,,
Davis-Wade Printer 542,CODE-00666,Printer,New York Office,Amanda Santos,True,2020-12-12,,
Graves and Sons Software License 488,CODE-00667,Software License,New York Office,Lisa Cook,True,2021-03-03,,
Hodges-Brown Printer 426,CODE-00668,Printer,New York Office,Mary Rose,True,2022-08-31,,
Morgan-Flores Phone 868,CODE-00669,Phone,Remote (Home),Arthur Evans,True,2022-10-19,,
Vincent-Shaw Projector 517,CODE-00670,Projector,Building B,Andrew Skinner,False,2024-07-28,2025-01-13,
Clark Inc Monitor 925,CODE-00671,Monitor,New York Office,Dr. Linda Smith,True,2022-01-04,,
"Zavala, Powell and Kim Desktop 117",CODE-00672,Desktop,Data Center 1,Nicholas Swanson,True,2023-04-25,,
"Guzman, Young and Miller Router 657",CODE-00673,Router,Data Center 1,Ryan Franco,True,2024-05-12,,
"Silva, Owens and Weber Projector 900",CODE-00674,Projector,Building A,Kyle Sanchez,True,2020-11-14,,
Morton-Boyle Printer 859,CODE-00675,Printer,London Office,Michael Lane,False,2022-08-27,2023-08-12,
"Smith, Parker and Logan Projector 543",CODE-00676,Projector,Building B,Lisa Rhodes,True,2024-10-25,,
Blake LLC Desktop 784,CODE-00677,Desktop,London Office,Todd Aguilar,True,2021-09-17,,
"Hodge, Miller and Burnett Router 701",CODE-00678,Router,Remote (Home),Johnathan Gibbs,True,2025-04-22,,
Garcia-Wise Monitor 834,CODE-00679,Monitor,Storage Room,Blake Watson,True,2021-09-06,,
Love-Jenkins Server 330,CODE-00680,Server,Remote (Home),Scott Coleman,True,2022-02-06,,
Chavez-Luna Printer 894,CODE-00681,Printer,Storage Room,Veronica Roberts,True,2024-04-02,,
Johnson-Bonilla Projector 214,CODE-00682,Projector,Data Center 1,Ashlee Thompson,True,2024-02-03,,
Hoffman-Bell Desktop 300,CODE-00683,Desktop,New York Office,Jacqueline Smith,True,2025-05-05,,
Rasmussen-Dixon Projector 886,CODE-00684,Projector,Remote (Home),Wendy Torres,True,2024-03-17,,
Lynch-Simmons Printer 809,CODE-00685,Printer,Building A,Amanda Poole,True,2021-03-04,,
Steele PLC Software License 105,CODE-00686,Software License,Building B,Ms. Candice Johnson,True,2022-09-04,,
Wood and Sons Phone 999,CODE-00687,Phone,Storage Room,Christine Mann,True,2024-01-24,,
Bryant-Nguyen Projector 809,CODE-00688,Projector,Building A,Allison Jones MD,True,2025-04-22,,
"Deleon, Herrera and Reed Software License 421",CODE-00689,Software License,Remote (Home),Jennifer Williams,True,2024-11-09,,
Bautista PLC Projector 416,CODE-00690,Projector,Building A,April Rice,True,2021-03-15,,
"Camacho, Solomon and Foster Software License 157",CODE-00691,Software License,Remote (Home),Chad Rodriguez,True,2023-12-15,,
"Chavez, Villarreal and Galvan Server 737",CODE-00692,Server,Building A,Matthew Johnson,True,2023-06-04,,
Parsons-Wade Router 508,CODE-00693,Router,Building B,Kim Lopez,False,2020-11-28,2025-08-27,
Cruz-Wiley Monitor 153,CODE-00694,Monitor,Building A,Kenneth Gonzalez,True,2021-01-14,,
Oconnor-Reed Router 363,CODE-00695,Router,Remote (Home),Eric Walker,False,2021-06-14,2025-02-28,
"Walsh, Johnson and Saunders Printer 163",CODE-00696,Printer,Building A,Donna Martin,True,2024-04-27,,
Williams-Johnson Projector 997,CODE-00697,Projector,Data Center 1,Mark Hurley,True,2022-05-07,,
"Henderson, Ramirez and Rodriguez Projector 807",CODE-00698,Projector,New York Office,Angela Evans,True,2023-09-15,,
Rice-Morrison Software License 286,CODE-00699,Software License,Building B,Nicholas Howard,True,2024-10-22,,
Brown Group Printer 583,CODE-00700,Printer,London Office,Ashley Smith,True,2022-03-06,,
Moss-Thompson Monitor 219,CODE-00701,Monitor,New York Office,George Grant,True,2022-04-25,,
Jones Group Router 568,CODE-00702,Router,Building B,Lisa Villa,True,2022-06-28,,
Patel-Mack Phone 539,CODE-00703,Phone,Building A,Matthew Guerra,True,2022-07-10,,
"Clark, Martinez and Soto Desktop 188",CODE-00704,Desktop,Building B,Lynn Macdonald,True,2023-01-08,,
"Rowe, Simpson and Combs Monitor 844",CODE-00705,Monitor,Storage Room,Ms. Regina Miller,True,2021-10-28,,
Lucas-Martin Router 696,CODE-00706,Router,Remote (Home),Melissa Hart,True,2020-12-14,,
Perez LLC Projector 846,CODE-00707,Projector,Building A,Craig Allen,True,2021-07-02,,
"Cobb, Harrison and Harper Projector 226",CODE-00708,Projector,Building A,Thomas Middleton,True,2021-11-27,,
"Morris, Cervantes and Humphrey Laptop 187",CODE-00709,Laptop,Storage Room,Gregory Miller,True,2021-12-01,,
Gamble-Macias Monitor 251,CODE-00710,Monitor,London Office,Donna Lane,True,2022-05-04,,
"Avila, Cook and Bush Projector 234",CODE-00711,Projector,London Office,Mrs. Ashley Collins,True,2024-08-24,,
Wright-Brooks Software License 232,CODE-00712,Software License,Building A,Brianna Hood,False,2025-09-25,2025-10-21,
"Simon, Hunter and Hurst Laptop 743",CODE-00713,Laptop,Building B,Stephanie Thompson,True,2021-08-06,,
Obrien LLC Phone 566,CODE-00714,Phone,Building A,Alexis Smith,True,2023-06-25,,
Perry-Smith Phone 118,CODE-00715,Phone,New York Office,Robert Kelly,True,2022-09-28,,
Johnson-Brennan Server 439,CODE-00716,Server,Building A,Mark Duran,True,2025-02-17,,
Brown-Buckley Server 871,CODE-00717,Server,Remote (Home),Anthony Anderson,True,2024-10-15,,
Adams-White Router 378,CODE-00718,Router,London Office,Erin Savage,True,2021-07-13,,
Harris-Stewart Laptop 779,CODE-00719,Laptop,Storage Room,James Nelson,True,2021-10-28,,
"Edwards, Rodriguez and Nolan Phone 465",CODE-00720,Phone,Data Center 1,Hailey Lambert,True,2025-01-11,,
Villa Ltd Software License 764,CODE-00721,Software License,Building A,Natalie Obrien,True,2023-12-10,,
Hanson PLC Desktop 601,CODE-00722,Desktop,Data Center 1,Matthew Bennett,True,2021-11-26,,
Stevens-Foster Printer 999,CODE-00723,Printer,New York Office,Russell Webb,True,2022-07-22,,
"Winters, Charles and Wilson Software License 599",CODE-00724,Software License,Building A,Hannah Swanson,True,2020-12-12,,
Stephenson Inc Router 730,CODE-00725,Router,New York Office,Lori Long,True,2025-02-04,,
Myers Ltd Phone 963,CODE-00726,Phone,London Office,Sylvia Fernandez,False,2025-03-16,2025-05-27,
Williams-Chase Printer 356,CODE-00727,Printer,Data Center 1,Joseph Velez,True,2024-10-04,,
Mclaughlin-Monroe Phone 223,CODE-00728,Phone,Remote (Home),Brendan Doyle,True,2022-12-27,,
"Lozano, Blake and Lee Printer 856",CODE-00729,Printer,Storage Room,Jonathan Gallagher,True,2022-02-15,,
Russo-Johnson Monitor 747,CODE-00730,Monitor,New York Office,Timothy Lin,True,2020-11-14,,
Black-Norton Router 424,CODE-00731,Router,Building B,Kelly Garrett DVM,True,2025-01-14,,
"Williams, Peterson and Wilson Printer 108",CODE-00732,Printer,Building A,Micheal Parker,True,2024-07-12,,
"Diaz, Stewart and Jennings Router 680",CODE-00733,Router,Building A,Kristen Navarro,True,2022-06-17,,
Campbell-Wilson Server 732,CODE-00734,Server,Building B,Madison Gibson,True,2025-09-09,,
Parker-Walker Phone 603,CODE-00735,Phone,London Office,Michael Davis,True,2023-10-18,,
Murphy-Lucero Router 499,CODE-00736,Router,Building B,Carlos Farmer,True,2022-08-03,,
"Cochran, Hurst and Edwards Server 387",CODE-00737,Server,Building B,Joseph Silva,True,2022-02-18,,
Brooks Ltd Projector 514,CODE-00738,Projector,Storage Room,Donna King,True,2022-06-21,,
"Morales, Cook and Thompson Printer 878",CODE-00739,Printer,Remote (Home),Daniel Parker,True,2021-08-14,,
"Lucas, Howard and Johnson Printer 514",CODE-00740,Printer,Building B,Jasmine Levy,True,2025-01-18,,
Garrett-Howard Monitor 773,CODE-00741,Monitor,New York Office,Jody Stevens,True,2021-01-27,,
"Lee, Perry and Thompson Software License 793",CODE-00742,Software License,Remote (Home),Robert Mays,True,2022-01-06,,
Villanueva Ltd Desktop 429,CODE-00743,Desktop,Building A,Linda Le,True,2025-03-27,,
"Lang, Lee and Ross Phone 294",CODE-00744,Phone,Storage Room,Kurt Roman,True,2024-07-30,,
"Valdez, Thomas and Williams Laptop 198",CODE-00745,Laptop,Building B,George Alexander,True,2022-06-02,,
"Galvan, Campbell and Lawson Server 992",CODE-00746,Server,Building A,Pamela Rodriguez,True,2024-02-25,,
Blackburn Ltd Phone 819,CODE-00747,Phone,Data Center 1,Samantha Jones,False,2024-02-18,2024-03-17,
Harris LLC Monitor 761,CODE-00748,Monitor,Remote (Home),Matthew Miller,True,2022-02-28,,
Gardner Inc Laptop 499,CODE-00749,Laptop,New York Office,Daniel Davis,True,2024-08-06,,
Diaz LLC Phone 483,CODE-00750,Phone,Data Center 1,Nicole Anderson,True,2023-05-21,,
Kennedy PLC Laptop 309,CODE-00751,Laptop,London Office,Tammy Kim,False,2022-10-19,2023-12-02,
"Downs, Salinas and Parker Printer 292",CODE-00752,Printer,Remote (Home),Jessica Cantrell,True,2024-09-08,,
"Figueroa, Pierce and Rodriguez Software License 303",CODE-00753,Software License,London Office,Kevin Baxter,True,2021-09-13,,
Bryant LLC Projector 516,CODE-00754,Projector,London Office,Rebecca Ayala,True,2022-04-21,,
"Mccarthy, Perez and Johnson Router 828",CODE-00755,Router,London Office,David Martinez,True,2021-06-24,,
"Stanley, Thompson and Rios Router 530",CODE-00756,Router,Remote (Home),Bradley Munoz,True,2022-12-09,,
"Shannon, Ward and Swanson Projector 824",CODE-00757,Projector,London Office,Tami Carlson,True,2025-03-02,,
Booth-Grimes Desktop 125,CODE-00758,Desktop,Storage Room,Gary Thomas,True,2024-10-01,,
Mcguire-Thompson Monitor 238,CODE-00759,Monitor,New York Office,Lauren Martin,True,2025-05-03,,
Mcclure Group Desktop 159,CODE-00760,Desktop,Data Center 1,Rebecca Hill,False,2021-05-18,2023-01-01,
"Howard, Stone and Gilbert Server 554",CODE-00761,Server,New York Office,Michael Johnson,True,2023-04-22,,
Graham and Sons Projector 977,CODE-00762,Projector,London Office,Patricia Parsons,True,2024-08-06,,
"White, Madden and Brewer Software License 466",CODE-00763,Software License,Storage Room,Cynthia Stanton,True,2023-10-19,,
Griffith LLC Software License 431,CODE-00764,Software License,Storage Room,Courtney Beasley,True,2024-03-03,,
Barber-Walters Projector 886,CODE-00765,Projector,London Office,George Becker,True,2023-08-02,,
Reid PLC Phone 851,CODE-00766,Phone,Remote (Home),Aaron Robles,True,2023-10-25,,
Fitzpatrick PLC Monitor 443,CODE-00767,Monitor,New York Office,Robert Castaneda,True,2023-07-01,,
Hayes PLC Server 847,CODE-00768,Server,London Office,Jordan Nelson,True,2024-03-17,,
Fields-Sanford Desktop 247,CODE-00769,Desktop,Data Center 1,Michelle Castillo,True,2022-06-18,,
Nguyen-Lopez Desktop 552,CODE-00770,Desktop,London Office,Zachary Holloway,False,2023-05-10,2024-06-05,
Garcia-Thomas Monitor 230,CODE-00771,Monitor,New York Office,Erin Proctor,True,2020-12-19,,
Harris LLC Server 214,CODE-00772,Server,Building A,Jessica Greene,True,2025-02-19,,
Murray Group Phone 995,CODE-00773,Phone,New York Office,Megan White,True,2023-12-07,,
"Carter, Hobbs and Marsh Laptop 503",CODE-00774,Laptop,Building B,Jon Watkins,True,2021-01-25,,
"Brown, Hart and Garrison Software License 812",CODE-00775,Software License,Data Center 1,Elizabeth Peterson,False,2022-01-03,2023-02-01,
Howard-Levy Software License 416,CODE-00776,Software License,New York Office,Emily Pugh,True,2021-11-30,,
"Mullins, Gonzales and Martin Desktop 300",CODE-00777,Desktop,Storage Room,Tiffany Griffin,True,2023-02-26,,
"Robinson, Fernandez and Guerra Software License 685",CODE-00778,Software License,London Office,Brian Hansen,True,2025-04-23,,
Cowan-Diaz Projector 548,CODE-00779,Projector,Storage Room,Melissa Johnson,True,2024-01-18,,
"Hernandez, Anderson and Smith Monitor 669",CODE-00780,Monitor,Remote (Home),Kimberly Morales,True,2021-08-16,,
"Boyd, Jackson and Stark Printer 738",CODE-00781,Printer,Data Center 1,Wendy Wright,True,2021-05-27,,
Russell PLC Desktop 255,CODE-00782,Desktop,Storage Room,Patricia Mcdonald,True,2022-04-05,,
"Smith, Green and Lewis Laptop 913",CODE-00783,Laptop,London Office,Jill Daniel,True,2023-09-08,,
"Miller, Ward and Irwin Monitor 215",CODE-00784,Monitor,London Office,Rebecca Turner,False,2021-04-22,2022-04-14,
"Roman, Collins and Braun Laptop 919",CODE-00785,Laptop,Remote (Home),Marcus Hopkins,True,2023-01-01,,
Salas-Johnson Router 335,CODE-00786,Router,London Office,Andrew Rich,True,2024-02-11,,
Benjamin-Martinez Router 103,CODE-00787,Router,Storage Room,Carl Ferguson,True,2023-09-29,,
Martin-Perez Printer 899,CODE-00788,Printer,Data Center 1,Hannah Kerr,True,2021-07-24,,
Taylor and Sons Projector 325,CODE-00789,Projector,Remote (Home),Samantha Moreno DDS,True,2022-08-12,,
"Davis, Woodward and Rios Server 746",CODE-00790,Server,Data Center 1,Rachel Banks,True,2022-11-01,,
Brown-Hanson Monitor 461,CODE-00791,Monitor,Building B,Matthew Brennan,True,2022-03-09,,
Keller-Martin Server 202,CODE-00792,Server,Building A,Jennifer Dyer,True,2021-05-19,,
"Weaver, Hull and Banks Software License 721",CODE-00793,Software License,New York Office,Angela Graham,True,2022-10-15,,
Campbell-Carter Monitor 129,CODE-00794,Monitor,Building B,Gregory Harper,True,2023-06-20,,
"Bennett, Cervantes and Choi Laptop 413",CODE-00795,Laptop,Building B,Christian Lloyd,True,2025-01-31,,
Patton-Avila Desktop 240,CODE-00796,Desktop,Data Center 1,Stacey Ross,True,2023-11-28,,
Newton-Kennedy Laptop 990,CODE-00797,Laptop,Storage Room,James Prince,True,2024-02-15,,
Bernard-Hill Router 116,CODE-00798,Router,Storage Room,Melissa Pena,True,2024-10-16,,
Burke-Wilkins Laptop 991,CODE-00799,Laptop,Data Center 1,Jonathan Burton,True,2022-10-26,,
Ross Group Router 437,CODE-00800,Router,Storage Room,Alicia Henderson,True,2022-09-28,,
Roberts-Brown Laptop 312,CODE-00801,Laptop,London Office,Andrea Smith,True,2025-01-02,,
Vega Group Software License 865,CODE-00802,Software License,New York Office,Michael Hansen,True,2020-12-07,,
Wilcox-Smith Printer 454,CODE-00803,Printer,Building A,Renee Russell,True,2024-06-19,,
Phillips-Simpson Phone 351,CODE-00804,Phone,Storage Room,Sarah Rogers,True,2022-08-28,,
Mckenzie-Pratt Phone 716,CODE-00805,Phone,Building A,Kaitlin Quinn DDS,False,2021-12-06,2023-10-16,
Gonzalez-Hobbs Phone 220,CODE-00806,Phone,New York Office,Kendra Sanchez,True,2025-05-27,,
"Simpson, Hill and Shah Laptop 906",CODE-00807,Laptop,Remote (Home),Robert Anderson,True,2023-12-01,,
"Jackson, Turner and Allen Router 900",CODE-00808,Router,Building A,Angel Lane,True,2023-05-05,,
Nash Inc Server 156,CODE-00809,Server,London Office,Kristi Owens,True,2022-02-05,,
"Carson, Hall and Pierce Monitor 436",CODE-00810,Monitor,Building A,Douglas Robinson,True,2022-10-11,,
Schwartz LLC Monitor 500,CODE-00811,Monitor,Storage Room,Teresa Williams,True,2023-11-25,,
"Andrews, Snyder and Gomez Router 456",CODE-00812,Router,Building A,Frank Garcia,True,2024-05-10,,
Martin-Burns Projector 211,CODE-00813,Projector,London Office,Colleen Evans,True,2025-09-10,,
Harris and Sons Projector 382,CODE-00814,Projector,Storage Room,William Jones,True,2023-08-22,,
"Proctor, Harris and Johnson Laptop 964",CODE-00815,Laptop,New York Office,Stephen Anderson,True,2024-02-16,,
Buchanan-Adams Router 445,CODE-00816,Router,New York Office,Christopher Hoover,True,2022-02-17,,
Cruz Ltd Printer 506,CODE-00817,Printer,London Office,Angela Harris,True,2021-03-14,,
Oconnell Group Router 613,CODE-00818,Router,New York Office,Jennifer Williams,True,2021-07-10,,
"Ray, Graves and Walker Monitor 804",CODE-00819,Monitor,London Office,Christine Lee,True,2021-08-27,,
King and Sons Phone 596,CODE-00820,Phone,Building B,Connie Jefferson,True,2021-09-03,,
Bishop PLC Printer 891,CODE-00821,Printer,Building A,Linda Crawford,False,2023-10-13,2024-01-05,
Norman Group Router 219,CODE-00822,Router,Building A,April Mckee,False,2024-02-03,2025-06-24,
Wong-Smith Software License 403,CODE-00823,Software License,Data Center 1,Nancy Conway,True,2023-05-13,,
"Erickson, Lee and Martinez Monitor 248",CODE-00824,Monitor,Storage Room,Jeffery Burke,True,2025-05-30,,
"Heath, Harris and Harris Desktop 553",CODE-00825,Desktop,Building B,Christopher Bennett,True,2024-05-01,,
Lopez-Escobar Desktop 655,CODE-00826,Desktop,New York Office,Lorraine Payne,True,2021-08-10,,
Lawrence-Ryan Phone 942,CODE-00827,Phone,London Office,Jennifer Novak,True,2024-10-17,,
Burns Inc Printer 438,CODE-00828,Printer,New York Office,Laura Ruiz,True,2024-06-12,,
"Patton, Little and Murphy Monitor 252",CODE-00829,Monitor,Building B,Deborah Ramirez,True,2022-06-12,,
Rice-Stevens Server 399,CODE-00830,Server,Building B,Frances Casey,True,2022-10-07,,
Rose-Adams Monitor 463,CODE-00831,Monitor,Building A,Jeff Lucas,True,2024-07-08,,
Miller-Maldonado Software License 824,CODE-00832,Software License,Building B,Melissa Holmes,True,2023-08-05,,
Bennett-Adams Desktop 455,CODE-00833,Desktop,Data Center 1,Bruce Taylor,True,2023-04-27,,
Chang Group Projector 129,CODE-00834,Projector,Remote (Home),Brandon Powell,True,2022-06-01,,
Mccormick-Chandler Phone 615,CODE-00835,Phone,Remote (Home),Laura Wilson,True,2022-11-06,,
Wright Group Phone 907,CODE-00836,Phone,Storage Room,Megan Romero,True,2024-07-15,,
Hart-Anderson Router 949,CODE-00837,Router,Data Center 1,Jennifer Kelly,True,2022-02-22,,
"Byrd, Grant and White Monitor 988",CODE-00838,Monitor,Remote (Home),Daniel Henry,True,2020-11-21,,
"King, Gibson and Miller Monitor 694",CODE-00839,Monitor,New York Office,Emily Green,True,2021-12-06,,
"Martinez, Ferrell and Smith Server 314",CODE-00840,Server,Building A,Dr. Colleen Mason,True,2021-03-09,,
"Taylor, Harris and Dunn Server 714",CODE-00841,Server,Remote (Home),Kristin Sawyer,True,2022-09-23,,
Rodriguez-Holmes Projector 707,CODE-00842,Projector,Data Center 1,Cheryl Knight,True,2020-11-29,,
Reynolds Ltd Software License 248,CODE-00843,Software License,Data Center 1,Henry Alvarez,True,2021-08-15,,
Roberts-Nelson Projector 535,CODE-00844,Projector,Data Center 1,Christopher Smith,True,2021-08-28,,
Thompson-Wright Server 861,CODE-00845,Server,Building A,Sarah Larsen,True,2024-02-21,,
"Alvarez, Williams and Gardner Router 436",CODE-00846,Router,London Office,Dustin Golden,True,2024-10-03,,
"Torres, Mercer and Dillon Server 415",CODE-00847,Server,Data Center 1,Charles Glenn,True,2022-04-04,,
"Crane, Anderson and Williams Software License 410",CODE-00848,Software License,Storage Room,Melissa French,True,2024-06-10,,
Nguyen-Sandoval Software License 171,CODE-00849,Software License,Remote (Home),Brian Brock,False,2022-10-10,2022-10-20,
"Evans, Hood and Simmons Laptop 238",CODE-00850,Laptop,Storage Room,Cody Dyer,True,2022-02-11,,
Jones PLC Laptop 744,CODE-00851,Laptop,Remote (Home),Martin Barrett,True,2025-10-20,,
Graham Group Server 469,CODE-00852,Server,Storage Room,Jessica Campbell,True,2025-04-02,,
Johnson-Garner Printer 860,CODE-00853,Printer,Data Center 1,Andrew Lloyd,True,2021-06-20,,
Gregory Inc Desktop 589,CODE-00854,Desktop,New York Office,Jeffrey Long,True,2025-03-22,,
Smith-Perez Laptop 836,CODE-00855,Laptop,New York Office,Christopher Clayton,True,2023-08-11,,
Brown Inc Router 146,CODE-00856,Router,New York Office,Carol Harrison,True,2023-03-31,,
Kelly LLC Desktop 142,CODE-00857,Desktop,Storage Room,Cheryl Duke,True,2024-04-01,,
Schmitt-Garcia Desktop 145,CODE-00858,Desktop,Data Center 1,James White,True,2021-05-02,,
"Coleman, Vasquez and Dennis Software License 502",CODE-00859,Software License,Remote (Home),Katrina Meyer,True,2021-08-19,,
"Lawson, Murphy and Williams Software License 396",CODE-00860,Software License,Remote (Home),Stefanie Richardson,True,2023-05-19,,
"Bates, Reynolds and Guerrero Monitor 731",CODE-00861,Monitor,Storage Room,Danielle Rojas,True,2025-03-10,,
Freeman Ltd Router 531,CODE-00862,Router,New York Office,Chelsea Davis,True,2025-03-03,,
Richards-Barnes Desktop 785,CODE-00863,Desktop,London Office,Kimberly Rodriguez,True,2024-11-28,,
"Perez, Grimes and Holt Router 751",CODE-00864,Router,Remote (Home),Carmen Jones,True,2024-08-19,,
Smith Group Printer 498,CODE-00865,Printer,Building A,Michael Jimenez,False,2021-07-14,2022-06-12,
Blackburn-Anderson Monitor 108,CODE-00866,Monitor,Remote (Home),Debra Roberts,True,2021-09-17,,
English Inc Software License 707,CODE-00867,Software License,Building B,Patricia Bass,True,2023-05-03,,
Russell and Sons Phone 172,CODE-00868,Phone,London Office,Brian Salinas,True,2020-11-22,,
Fowler PLC Laptop 904,CODE-00869,Laptop,Building B,Lisa Reyes,True,2024-01-22,,
Huff-Lawson Phone 967,CODE-00870,Phone,Data Center 1,Felicia Peterson,True,2025-09-15,,
Mueller LLC Router 561,CODE-00871,Router,Building B,Jerry Miller,True,2025-09-21,,
Davis Inc Monitor 846,CODE-00872,Monitor,Data Center 1,Anne Johnson,True,2023-01-31,,
Brown-Hall Router 573,CODE-00873,Router,Building B,Joshua Villarreal,False,2022-01-31,2025-07-15,
Taylor-Cameron Monitor 884,CODE-00874,Monitor,Data Center 1,Amy Watkins,True,2024-01-24,,
"Tanner, Jones and Chapman Projector 975",CODE-00875,Projector,New York Office,Jason Becker,True,2023-06-25,,
Lewis-Hall Projector 403,CODE-00876,Projector,Building B,Sharon Randall,True,2022-09-11,,
Young-Glass Phone 316,CODE-00877,Phone,Remote (Home),Angela Garcia MD,False,2024-06-06,2024-07-14,
Davis and Sons Phone 762,CODE-00878,Phone,Remote (Home),Andrea Kramer,True,2021-04-29,,
Freeman-Lamb Phone 922,CODE-00879,Phone,Storage Room,Jesse Brown,True,2020-11-18,,
Watts-Christensen Desktop 408,CODE-00880,Desktop,London Office,Kyle Nichols,True,2023-05-24,,
"Alexander, Casey and Black Printer 423",CODE-00881,Printer,Building B,Mr. Jason Frazier,True,2022-03-15,,
Gomez and Sons Phone 579,CODE-00882,Phone,Building A,Abigail Barnett,True,2025-02-05,,
Conner Group Laptop 536,CODE-00883,Laptop,Building A,Anita Richards,True,2024-02-24,,
"Lawson, Anderson and Craig Router 145",CODE-00884,Router,New York Office,Michael Boone,True,2023-05-21,,
"Khan, Roberts and Campbell Monitor 253",CODE-00885,Monitor,Remote (Home),Stephanie Sparks,True,2022-09-15,,
"Mcgee, Adams and Gordon Server 812",CODE-00886,Server,Building B,Theresa Thomas,True,2021-12-14,,
"Pena, Sanchez and Howard Projector 551",CODE-00887,Projector,New York Office,Sarah Taylor,False,2023-07-10,2024-01-04,
"Cisneros, Bell and Rivera Printer 603",CODE-00888,Printer,Building B,Roy Rogers,True,2022-03-29,,
"Bradley, Cruz and Bailey Router 196",CODE-00889,Router,Remote (Home),Laura Pruitt,True,2021-01-28,,
Clements-Nelson Desktop 984,CODE-00890,Desktop,Storage Room,Danielle Thompson,True,2021-08-01,,
Wilkinson LLC Monitor 593,CODE-00891,Monitor,London Office,Steven Williams,True,2022-11-02,,
"Ramsey, Alvarado and Higgins Software License 755",CODE-00892,Software License,Storage Room,Julian Atkinson,True,2023-06-10,,
"Hall, Scott and Leonard Server 893",CODE-00893,Server,Remote (Home),Greg Olsen,True,2025-06-29,,
Dennis PLC Projector 888,CODE-00894,Projector,Data Center 1,Brett Smith,True,2024-03-14,,
Munoz-Johnston Laptop 914,CODE-00895,Laptop,Building B,Victor Alvarez,False,2021-08-17,2022-05-31,
Gray-Farmer Laptop 732,CODE-00896,Laptop,Storage Room,Derrick Carpenter,True,2023-08-07,,
"Obrien, Austin and Collins Monitor 631",CODE-00897,Monitor,Remote (Home),Maria Barrett,True,2024-12-24,,
Hoffman Inc Projector 489,CODE-00898,Projector,Building B,Bryan Reid,True,2025-03-21,,
"Brown, Brewer and Williams Desktop 304",CODE-00899,Desktop,Storage Room,Misty Moreno,True,2023-11-23,,
"Edwards, Cole and Houston Laptop 850",CODE-00900,Laptop,Building B,Elizabeth Smith,True,2022-02-01,,
Harris-Young Monitor 742,CODE-00901,Monitor,New York Office,Derrick Mueller,True,2023-12-28,,
Holden-Hebert Laptop 180,CODE-00902,Laptop,Storage Room,Mrs. Nancy Butler,True,2021-04-16,,
"Page, Ibarra and Tucker Monitor 325",CODE-00903,Monitor,Building B,Melissa Mcdonald,True,2022-02-21,,
Sims-Galvan Printer 869,CODE-00904,Printer,Storage Room,Steven Foley,True,2021-11-13,,
Ramirez Group Projector 555,CODE-00905,Projector,Storage Room,Yolanda Jackson,True,2025-05-26,,
Maddox-Salazar Server 401,CODE-00906,Server,Data Center 1,Jennifer Richardson,True,2024-11-25,,
Butler and Sons Monitor 118,CODE-00907,Monitor,Building A,Jonathon Chavez,False,2022-08-01,2025-08-06,
"Huang, Welch and Lopez Desktop 715",CODE-00908,Desktop,Storage Room,Denise Brooks,True,2022-05-25,,
Morris-Pugh Phone 773,CODE-00909,Phone,Building A,Marcus Simpson,True,2025-07-25,,
Montoya-Collins Desktop 690,CODE-00910,Desktop,New York Office,Jesse Ferguson,True,2023-03-26,,
"Larson, Jones and Estrada Server 560",CODE-00911,Server,Remote (Home),Dr. Diane Peck,False,2024-12-18,2025-06-19,
"Lane, Burgess and Welch Software License 414",CODE-00912,Software License,Remote (Home),Laura Roth,True,2022-12-07,,
Morgan-Santana Projector 296,CODE-00913,Projector,Storage Room,Roy Mooney,True,2025-05-31,,
Perkins-Johnson Projector 529,CODE-00914,Projector,Building B,Lori Larsen,True,2023-07-10,,
"Brooks, Salazar and Middleton Projector 112",CODE-00915,Projector,Building B,Pamela Green,True,2022-01-26,,
Sampson LLC Software License 773,CODE-00916,Software License,Remote (Home),Andrew Friedman,True,2022-03-17,,
Wood-Kelly Router 795,CODE-00917,Router,Building B,John Hill,True,2020-12-11,,
"Austin, Davis and Thompson Router 493",CODE-00918,Router,London Office,Bobby Smith,False,2022-07-02,2024-01-23,
Lopez-Miller Router 821,CODE-00919,Router,Building B,Tony Zimmerman,True,2025-05-08,,
"Kim, Smith and Murray Projector 209",CODE-00920,Projector,Building B,Brandon Mitchell Jr.,True,2025-08-22,,
"Parsons, Morris and Pace Server 955",CODE-00921,Server,Data Center 1,Arthur Clark,True,2023-03-24,,
May-Chambers Monitor 394,CODE-00922,Monitor,Data Center 1,Jerome Wong,False,2024-08-06,2025-05-04,
Sutton-Wilson Projector 416,CODE-00923,Projector,Storage Room,William Martinez,True,2021-02-23,,
"Mitchell, Gonzalez and Diaz Software License 250",CODE-00924,Software License,Data Center 1,Ashley Hunt,True,2021-09-30,,
Haynes-Allen Monitor 266,CODE-00925,Monitor,New York Office,Melinda Thomas,True,2023-01-23,,
"Anderson, Jones and Stout Projector 930",CODE-00926,Projector,Storage Room,Kenneth Wyatt,True,2024-06-07,,
Alexander and Sons Projector 128,CODE-00927,Projector,New York Office,Brian Schultz,True,2025-01-28,,
Johnson Group Desktop 152,CODE-00928,Desktop,Building B,Carmen Marks,True,2024-01-27,,
Thomas and Sons Printer 282,CODE-00929,Printer,Remote (Home),Paige Elliott,True,2022-07-29,,
"Brown, Schultz and James Desktop 599",CODE-00930,Desktop,Data Center 1,Jessica Andersen,True,2024-04-24,,
Klein-Moore Printer 764,CODE-00931,Printer,New York Office,Amanda Allen,True,2022-10-12,,
Turner-Reed Server 377,CODE-00932,Server,Data Center 1,Gina Duffy,True,2024-10-05,,
"Newman, Cooper and Rodriguez Software License 452",CODE-00933,Software License,London Office,Sally Hill,True,2022-01-07,,
Bridges-Dunn Software License 281,CODE-00934,Software License,Data Center 1,Jason Wagner,False,2024-08-23,2025-10-17,
Thompson-Gutierrez Monitor 368,CODE-00935,Monitor,Storage Room,Tiffany Jones,True,2025-10-02,,
Kemp PLC Server 315,CODE-00936,Server,Remote (Home),Chelsea Melendez PhD,True,2023-03-26,,
Costa-Fox Phone 228,CODE-00937,Phone,Data Center 1,Joshua Jones,True,2024-07-21,,
Garcia PLC Server 916,CODE-00938,Server,London Office,Stephen Hudson,True,2022-07-13,,
Weeks and Sons Projector 967,CODE-00939,Projector,London Office,Patricia Daniels,True,2022-11-12,,
Parker Ltd Laptop 411,CODE-00940,Laptop,Storage Room,Matthew Perry,True,2021-06-21,,
"Best, Johnson and Perkins Router 295",CODE-00941,Router,Storage Room,Mrs. Elizabeth Perez,False,2024-02-28,2024-06-29,
"Rosario, Lang and Mcmahon Laptop 431",CODE-00942,Laptop,London Office,Jennifer Robinson,True,2023-04-27,,
"Morris, Yates and Tucker Monitor 582",CODE-00943,Monitor,Building B,Lauren Phillips,True,2021-10-05,,
"Long, Pham and Jones Printer 404",CODE-00944,Printer,Building B,Stephanie Wagner,True,2024-11-26,,
"Cunningham, Martin and Moreno Server 253",CODE-00945,Server,Building B,Kelli Matthews,True,2024-02-19,,
Mcdowell-Baker Printer 974,CODE-00946,Printer,Storage Room,Stefanie Jones,True,2025-04-15,,
Lowe-Taylor Projector 884,CODE-00947,Projector,Data Center 1,Christine Sweeney,True,2024-06-20,,
Wright and Sons Software License 380,CODE-00948,Software License,London Office,Kathleen Mendez,True,2024-01-13,,
"Murphy, Rojas and Spencer Printer 600",CODE-00949,Printer,New York Office,Jeremy Davis,True,2022-01-03,,
Roberts-Williams Phone 863,CODE-00950,Phone,Data Center 1,Bradley Randolph,True,2022-10-27,,
May-Carr Laptop 790,CODE-00951,Laptop,Building A,Steven Mullins,True,2022-07-01,,
Arnold-Jordan Desktop 362,CODE-00952,Desktop,Building A,Julie Henderson,True,2020-11-16,,
Medina Ltd Projector 855,CODE-00953,Projector,New York Office,Ryan Miller,True,2024-08-16,,
"Dalton, Melendez and Bass Phone 454",CODE-00954,Phone,Remote (Home),Erin Valenzuela,True,2021-07-19,,
"Kim, Ramirez and Carroll Router 427",CODE-00955,Router,Data Center 1,Cassandra Travis,True,2021-04-12,,
Bailey PLC Laptop 864,CODE-00956,Laptop,New York Office,Mrs. Tanya Knox,False,2022-02-07,2024-09-14,
Daugherty-Carlson Server 502,CODE-00957,Server,New York Office,Bonnie Perez,True,2022-04-15,,
Wright-Jones Monitor 561,CODE-00958,Monitor,Storage Room,Johnny Bailey,True,2022-10-04,,
"Wilson, Brooks and Rocha Monitor 727",CODE-00959,Monitor,New York Office,Jacob Ferguson,True,2024-07-28,,
"Stevens, Frank and Bridges Phone 589",CODE-00960,Phone,New York Office,Jason Walker,True,2024-04-21,,
"Mcclain, Hanson and Alvarado Printer 251",CODE-00961,Printer,London Office,Kimberly Rodriguez,True,2021-03-27,,
Higgins-Wilson Software License 127,CODE-00962,Software License,New York Office,Christopher Hammond,True,2025-03-17,,
Martinez-Williams Monitor 445,CODE-00963,Monitor,New York Office,Michael Allen,True,2021-01-11,,
"Brown, Lowe and Bryant Software License 342",CODE-00964,Software License,New York Office,Alexis Walker,False,2022-04-24,2022-09-03,
"Malone, Williams and Galvan Monitor 156",CODE-00965,Monitor,London Office,Sheryl Guerrero,True,2024-04-11,,
Shea-Gallagher Projector 428,CODE-00966,Projector,Data Center 1,Robert Smith,True,2023-05-03,,
Diaz LLC Desktop 318,CODE-00967,Desktop,Storage Room,Jennifer Meyer,True,2021-01-25,,
"Parsons, Williams and David Monitor 685",CODE-00968,Monitor,Storage Room,Linda Flores,True,2024-07-07,,
Smith and Sons Server 897,CODE-00969,Server,New York Office,Justin Farrell,True,2021-02-01,,
"Walker, Lamb and Bradford Phone 438",CODE-00970,Phone,Building A,Eddie Murphy,True,2023-05-13,,
Hunt-Franco Server 811,CODE-00971,Server,London Office,Jeremy Owen,True,2023-01-26,,
Ortiz-Martinez Server 794,CODE-00972,Server,Data Center 1,Lisa Martin,True,2024-10-15,,
Smith-Ward Phone 819,CODE-00973,Phone,Storage Room,Jeremy Tapia,True,2025-04-12,,
Sherman-Moon Laptop 217,CODE-00974,Laptop,Storage Room,Joseph Lamb,True,2024-08-18,,
Johnston Group Desktop 437,CODE-00975,Desktop,Remote (Home),Jodi Moore,True,2023-06-27,,
"Wheeler, Aguilar and Farmer Software License 138",CODE-00976,Software License,Building A,Nicholas Stewart,True,2020-11-10,,
Johnson-Mitchell Phone 243,CODE-00977,Phone,Building A,Cynthia Hall,True,2023-10-10,,
Smith-Hill Printer 961,CODE-00978,Printer,Building A,Sandra Bender,True,2022-05-03,,
Salazar Group Printer 236,CODE-00979,Printer,Building A,Cindy Carter,True,2021-12-28,,
Morrow PLC Software License 952,CODE-00980,Software License,Remote (Home),Ann Leon,True,2021-11-26,,
"Walker, Peters and Graham Server 762",CODE-00981,Server,Data Center 1,Breanna Carter,True,2021-10-11,,
"Mitchell, Woods and Brooks Phone 627",CODE-00982,Phone,Data Center 1,Janet Gray,True,2024-05-29,,
Montgomery-Hess Server 402,CODE-00983,Server,Building B,Caleb Phillips,True,2022-11-11,,
Gentry-Nichols Phone 487,CODE-00984,Phone,Building A,Melissa Clark,True,2022-11-19,,
"Petersen, Pierce and Anderson Printer 330",CODE-00985,Printer,Building A,Scott James,True,2025-07-16,,
Henderson-Foley Printer 795,CODE-00986,Printer,Building A,Allison Church,True,2025-03-11,,
"Griffin, Miller and Mendez Laptop 864",CODE-00987,Laptop,New York Office,Julie Edwards,True,2024-09-26,,
"Moreno, Sherman and Smith Phone 445",CODE-00988,Phone,Building A,William Gonzales,True,2024-01-14,,
Smith-Wilson Phone 784,CODE-00989,Phone,Storage Room,Sarah Parker,True,2023-09-26,,
Jordan-Mayo Server 435,CODE-00990,Server,Building B,Lawrence Thomas,True,2023-12-24,,
Robertson-Daniels Projector 988,CODE-00991,Projector,Storage Room,Nancy Taylor,True,2025-02-12,,
"Vasquez, Hughes and Travis Laptop 228",CODE-00992,Laptop,Building B,Amy Lyons,False,2022-02-10,2025-05-28,
Richmond and Sons Printer 470,CODE-00993,Printer,Storage Room,Megan Velasquez,True,2023-09-13,,
Church Inc Printer 994,CODE-00994,Printer,Storage Room,Brianna Shepard,True,2020-12-05,,
Whitehead LLC Software License 768,CODE-00995,Software License,Building A,Danielle Evans,True,2022-06-06,,
"Arnold, Bailey and Lamb Printer 602",CODE-00996,Printer,Building A,Michael Chen,True,2023-12-04,,
Williams Ltd Phone 628,CODE-00997,Phone,London Office,Kimberly Austin,True,2022-12-24,,
"Munoz, Wood and Soto Phone 251",CODE-00998,Phone,Remote (Home),Jake Walls,True,2021-02-09,,
"Aguilar, Thomas and Dean Printer 708",CODE-00999,Printer,Data Center 1,Christina Carter,True,2022-11-01,,
Jennings LLC Router 783,CODE-01000,Router,Remote (Home),Alice Houston,True,2025-08-25,,
